ts,elapsed_s,latency_ms,ok,sla_violated
1784608205.392,0.1,94.7,True,False
1784608205.561,0.3,69.1,True,False
1784608205.720,0.4,59.2,True,False
1784608205.880,0.6,59.4,True,False
1784608206.050,0.8,69.8,True,False
1784608206.210,0.9,59.2,True,False
1784608206.369,1.1,58.8,True,False
1784608206.527,1.2,58.7,True,False
1784608206.687,1.4,59.3,True,False
1784608206.868,1.6,80.9,True,False
1784608207.037,1.7,68.2,True,False
1784608207.197,1.9,59.2,True,False
1784608207.355,2.1,58.5,True,False
1784608207.514,2.2,58.5,True,False
1784608207.673,2.4,58.9,True,False
1784608207.832,2.5,59.1,True,False
1784608207.992,2.7,59.2,True,False
1784608208.151,2.9,58.7,True,False
1784608208.333,3.0,81.3,True,False
1784608208.502,3.2,69.4,True,False
1784608208.661,3.4,58.1,True,False
1784608208.828,3.5,67.4,True,False
1784608208.988,3.7,59.3,True,False
1784608209.168,3.9,80.3,True,False
1784608209.327,4.0,58.5,True,False
1784608209.507,4.2,80.3,True,False
1784608209.667,4.4,58.8,True,False
1784608209.826,4.5,58.9,True,False
1784608209.985,4.7,58.9,True,False
1784608210.143,4.8,58.6,True,False
1784608210.302,5.0,58.2,True,False
1784608210.478,5.2,75.8,True,False
1784608210.647,5.4,69.5,True,False
1784608210.806,5.5,58.5,True,False
1784608210.985,5.7,78.8,True,False
1784608211.154,5.9,68.1,True,False
1784608211.312,6.0,58.5,True,False
1784608211.471,6.2,58.4,True,False
1784608211.651,6.4,79.6,True,False
1784608211.810,6.5,58.9,True,False
1784608211.969,6.7,58.7,True,False
1784608212.128,6.8,58.9,True,False
1784608212.301,7.0,72.6,True,False
1784608212.473,7.2,71.3,True,False
1784608212.643,7.3,69.7,True,False
1784608212.811,7.5,68.1,True,False
1784608212.981,7.7,70.2,True,False
1784608213.140,7.8,58.2,True,False
1784608213.322,8.0,81.4,True,False
1784608213.492,8.2,69.9,True,False
1784608213.651,8.4,59.2,True,False
1784608213.810,8.5,58.6,True,False
1784608213.969,8.7,58.8,True,False
1784608214.128,8.8,58.7,True,False
1784608214.287,9.0,58.7,True,False
1784608214.446,9.1,58.7,True,False
1784608214.604,9.3,58.5,True,False
1784608214.780,9.5,74.9,True,False
1784608214.939,9.6,58.6,True,False
1784608215.098,9.8,58.8,True,False
1784608215.257,10.0,58.7,True,False
1784608215.427,10.1,69.9,True,False
1784608215.596,10.3,68.9,True,False
1784608215.767,10.5,70.7,True,False
1784608215.926,10.6,58.6,True,False
1784608216.085,10.8,58.3,True,False
1784608216.265,11.0,80.4,True,False
1784608216.425,11.1,59.3,True,False
1784608216.605,11.3,79.7,True,False
1784608216.765,11.5,59.5,True,False
1784608216.924,11.6,59.2,True,False
1784608217.084,11.8,59.1,True,False
1784608217.255,12.0,71.4,True,False
1784608217.427,12.1,71.5,True,False
1784608217.597,12.3,69.5,True,False
1784608217.757,12.5,59.8,True,False
1784608217.917,12.6,60.0,True,False
1784608218.097,12.8,79.3,True,False
1784608218.257,13.0,59.7,True,False
1784608218.417,13.1,59.8,True,False
1784608218.587,13.3,69.6,True,False
1784608218.747,13.5,59.4,True,False
1784608218.907,13.6,59.6,True,False
1784608219.067,13.8,59.8,True,False
1784608219.236,13.9,68.6,True,False
1784608219.395,14.1,59.4,True,False
1784608219.556,14.3,59.9,True,False
1784608219.715,14.4,59.3,True,False
1784608219.883,14.6,67.4,True,False
1784608220.042,14.7,59.0,True,False
1784608220.203,14.9,60.9,True,False
1784608220.363,15.1,59.4,True,False
1784608220.537,15.2,73.9,True,False
1784608220.696,15.4,59.0,True,False
1784608220.855,15.6,58.9,True,False
1784608221.015,15.7,59.5,True,False
1784608221.174,15.9,59.0,True,False
1784608221.347,16.1,73.4,True,False
1784608221.517,16.2,69.5,True,False
1784608221.676,16.4,58.8,True,False
1784608221.836,16.5,59.5,True,False
1784608221.996,16.7,59.2,True,False
1784608222.168,16.9,71.8,True,False
1784608222.339,17.0,70.8,True,False
1784608222.509,17.2,70.2,True,False
1784608222.668,17.4,58.7,True,False
1784608222.828,17.5,59.2,True,False
1784608222.988,17.7,59.7,True,False
1784608223.147,17.9,59.1,True,False
1784608223.306,18.0,59.0,True,False
1784608223.482,18.2,75.5,True,False
1784608223.641,18.3,58.7,True,False
1784608223.800,18.5,58.3,True,False
1784608223.977,18.7,77.1,True,False
1784608224.148,18.9,70.3,True,False
1784608224.306,19.0,58.3,True,False
1784608224.465,19.2,58.8,True,False
1784608224.644,19.3,78.3,True,False
1784608224.814,19.5,69.6,True,False
1784608224.983,19.7,69.0,True,False
1784608225.142,19.8,58.5,True,False
1784608225.300,20.0,58.1,True,False
1784608225.479,20.2,78.4,True,False
1784608225.638,20.3,58.5,True,False
1784608225.820,20.5,81.8,True,False
1784608225.979,20.7,58.4,True,False
1784608226.138,20.8,58.8,True,False
1784608226.318,21.0,79.7,True,False
1784608226.477,21.2,58.4,True,False
1784608226.636,21.3,59.0,True,False
1784608226.795,21.5,58.9,True,False
1784608226.965,21.7,70.0,True,False
1784608227.126,21.8,60.2,True,False
1784608227.284,22.0,58.3,True,False
1784608227.443,22.1,58.8,True,False
1784608227.602,22.3,58.4,True,False
1784608227.761,22.5,59.2,True,False
1784608227.939,22.6,77.6,True,False
1784608228.099,22.8,59.3,True,False
1784608228.278,23.0,78.7,True,False
1784608228.447,23.2,68.8,True,False
1784608228.606,23.3,58.7,True,False
1784608228.774,23.5,68.1,True,False
1784608228.934,23.6,59.0,True,False
1784608229.093,23.8,58.6,True,False
1784608229.252,24.0,58.4,True,False
1784608229.426,24.1,73.6,True,False
1784608229.596,24.3,70.3,True,False
1784608229.756,24.5,58.8,True,False
1784608229.914,24.6,58.2,True,False
1784608230.073,24.8,58.8,True,False
1784608230.244,24.9,69.8,True,False
1784608230.411,25.1,67.7,True,False
1784608230.570,25.3,58.6,True,False
1784608230.730,25.4,58.9,True,False
1784608230.889,25.6,58.7,True,False
1784608231.048,25.8,58.8,True,False
1784608231.230,25.9,81.4,True,False
1784608231.398,26.1,67.9,True,False
1784608231.557,26.3,58.9,True,False
1784608231.716,26.4,58.4,True,False
1784608231.894,26.6,77.6,True,False
1784608232.063,26.8,68.9,True,False
1784608232.222,26.9,58.7,True,False
1784608232.402,27.1,79.7,True,False
1784608232.561,27.3,58.5,True,False
1784608232.720,27.4,58.5,True,False
1784608232.898,27.6,77.6,True,False
1784608233.057,27.8,59.2,True,False
1784608233.240,27.9,82.2,True,False
1784608233.423,28.1,82.7,True,False
1784608233.582,28.3,58.7,True,False
1784608233.741,28.4,59.0,True,False
1784608233.918,28.6,77.5,True,False
1784608234.078,28.8,59.3,True,False
1784608234.258,29.0,79.3,True,False
1784608234.416,29.1,58.1,True,False
1784608234.598,29.3,81.6,True,False
1784608234.757,29.5,58.8,True,False
1784608234.937,29.6,79.1,True,False
1784608235.096,29.8,58.9,True,False
1784608235.278,30.0,82.0,True,False
1784608235.447,30.1,68.4,True,False
1784608235.606,30.3,59.1,True,False
1784608235.788,30.5,81.4,True,False
1784608235.959,30.7,70.4,True,False
1784608236.117,30.8,58.4,True,False
1784608236.276,31.0,58.5,True,False
1784608236.435,31.1,58.4,True,False
1784608236.594,31.3,58.7,True,False
1784608236.766,31.5,72.1,True,False
1784608236.926,31.6,59.0,True,False
1784608237.085,31.8,58.9,True,False
1784608237.260,32.0,74.4,True,False
1784608237.430,32.1,69.4,True,False
1784608237.590,32.3,59.7,True,False
1784608237.750,32.5,59.1,True,False
1784608237.908,32.6,58.5,True,False
1784608238.067,32.8,59.3,True,False
1784608238.226,32.9,58.2,True,False
1784608238.401,33.1,75.1,True,False
1784608238.571,33.3,69.4,True,False
1784608238.740,33.4,68.0,True,False
1784608238.910,33.6,70.5,True,False
1784608239.081,33.8,70.1,True,False
1784608239.240,33.9,58.3,True,False
1784608239.398,34.1,58.9,True,False
1784608239.557,34.3,58.2,True,False
1784608239.716,34.4,58.5,True,False
1784608239.874,34.6,58.5,True,False
1784608240.033,34.7,58.4,True,False
1784608240.192,34.9,58.5,True,False
1784608240.350,35.1,58.5,True,False
1784608240.510,35.2,58.9,True,False
1784608240.669,35.4,59.0,True,False
1784608240.828,35.5,58.5,True,False
1784608240.995,35.7,67.5,True,False
1784608241.165,35.9,69.8,True,False
1784608241.334,36.0,68.9,True,False
1784608241.494,36.2,59.1,True,False
1784608241.652,36.4,58.8,True,False
1784608241.811,36.5,58.7,True,False
1784608241.971,36.7,59.0,True,False
1784608242.130,36.8,58.8,True,False
1784608242.289,37.0,58.4,True,False
1784608242.459,37.2,70.1,True,False
1784608242.618,37.3,58.2,True,False
1784608242.778,37.5,59.4,True,False
1784608242.953,37.7,75.3,True,False
1784608243.112,37.8,58.5,True,False
1784608243.291,38.0,78.3,True,False
1784608243.450,38.2,58.6,True,False
1784608243.610,38.3,58.9,True,False
1784608243.786,38.5,76.4,True,False
1784608243.945,38.6,58.4,True,False
1784608244.104,38.8,59.2,True,False
1784608244.264,39.0,58.7,True,False
1784608244.435,39.1,70.5,True,False
1784608244.603,39.3,68.3,True,False
1784608244.762,39.5,58.4,True,False
1784608244.930,39.6,67.8,True,False
1784608245.100,39.8,69.4,True,False
1784608245.258,40.0,58.4,True,False
1784608245.437,40.1,78.1,True,False
1784608245.609,40.3,71.9,True,False
1784608245.780,40.5,71.1,True,False
1784608245.939,40.6,58.4,True,False
1784608246.098,40.8,58.5,True,False
1784608246.257,41.0,58.4,True,False
1784608246.427,41.1,69.6,True,False
1784608246.586,41.3,59.0,True,False
1784608246.767,41.5,81.0,True,False
1784608246.927,41.6,58.8,True,False
1784608247.107,41.8,80.4,True,False
1784608247.277,42.0,69.5,True,False
1784608247.436,42.1,58.7,True,False
1784608247.596,42.3,58.9,True,False
1784608247.755,42.5,59.2,True,False
1784608247.915,42.6,59.1,True,False
1784608248.094,42.8,79.0,True,False
1784608248.253,43.0,58.5,True,False
1784608248.411,43.1,58.5,True,False
1784608248.587,43.3,75.9,True,False
1784608248.746,43.4,58.5,True,False
1784608248.926,43.6,79.6,True,False
1784608249.085,43.8,58.8,True,False
1784608249.265,44.0,80.0,True,False
1784608249.424,44.1,58.3,True,False
1784608249.583,44.3,58.9,True,False
1784608249.757,44.5,73.9,True,False
1784608249.917,44.6,59.4,True,False
1784608250.076,44.8,58.6,True,False
1784608250.235,44.9,58.4,True,False
1784608250.402,45.1,66.8,True,False
1784608250.561,45.3,58.3,True,False
1784608250.743,45.4,82.1,True,False
1784608250.901,45.6,58.1,True,False
1784608251.083,45.8,81.6,True,False
1784608251.242,45.9,58.9,True,False
1784608251.401,46.1,58.2,True,False
1784608251.560,46.3,58.6,True,False
1784608251.719,46.4,59.0,True,False
1784608251.878,46.6,58.5,True,False
1784608252.037,46.7,58.9,True,False
1784608252.196,46.9,58.9,True,False
1784608252.376,47.1,80.3,True,False
1784608252.547,47.2,69.6,True,False
1784608252.717,47.4,70.3,True,False
1784608252.876,47.6,58.6,True,False
1784608253.058,47.8,81.7,True,False
1784608253.216,47.9,58.6,True,False
1784608253.399,48.1,81.9,True,False
1784608253.556,48.3,57.5,True,False
1784608253.715,48.4,58.3,True,False
1784608253.874,48.6,58.4,True,False
1784608254.032,48.7,58.2,True,False
1784608254.192,48.9,59.6,True,False
1784608254.351,49.1,58.9,True,False
1784608254.510,49.2,58.8,True,False
1784608254.669,49.4,58.5,True,False
1784608254.828,49.5,58.6,True,False
1784608255.001,49.7,73.1,True,False
1784608255.171,49.9,69.1,True,False
1784608255.329,50.0,58.4,True,False
1784608255.511,50.2,81.1,True,False
1784608255.681,50.4,70.1,True,False
1784608255.850,50.6,69.1,True,False
1784608256.009,50.7,58.9,True,False
1784608256.169,50.9,59.0,True,False
1784608256.344,51.0,74.8,True,False
1784608256.518,51.2,73.2,True,False
1784608256.677,51.4,58.9,True,False
1784608256.836,51.5,58.4,True,False
1784608256.995,51.7,58.4,True,False
1784608257.154,51.9,58.9,True,False
1784608257.313,52.0,58.7,True,False
1784608257.486,52.2,73.2,True,False
1784608257.657,52.4,70.6,True,False
1784608257.816,52.5,58.7,True,False
1784608257.995,52.7,78.8,True,False
1784608258.154,52.9,58.3,True,False
1784608258.312,53.0,58.6,True,False
1784608258.472,53.2,58.9,True,False
1784608258.645,53.3,73.0,True,False
1784608258.804,53.5,58.9,True,False
1784608258.983,53.7,78.8,True,False
1784608259.154,53.9,70.2,True,False
1784608259.313,54.0,58.6,True,False
1784608259.473,54.2,58.9,True,False
1784608259.648,54.4,75.3,True,False
1784608259.807,54.5,58.8,True,False
1784608259.986,54.7,79.2,True,False
1784608260.145,54.8,58.6,True,False
1784608260.304,55.0,58.7,True,False
1784608260.464,55.2,59.0,True,False
1784608260.633,55.3,68.8,True,False
1784608260.803,55.5,70.3,True,False
1784608260.972,55.7,68.2,True,False
1784608261.140,55.8,68.5,True,False
1784608261.309,56.0,68.4,True,False
1784608261.468,56.2,57.9,True,False
1784608261.626,56.3,58.6,True,False
1784608261.786,56.5,59.1,True,False
1784608261.945,56.6,58.9,True,False
1784608262.126,56.8,81.3,True,False
1784608262.294,57.0,67.3,True,False
1784608262.452,57.2,58.3,True,False
1784608262.612,57.3,58.8,True,False
1784608262.771,57.5,58.8,True,False
1784608262.929,57.6,58.4,True,False
1784608263.088,57.8,58.7,True,False
1784608263.247,58.0,58.3,True,False
1784608263.426,58.1,78.6,True,False
1784608263.585,58.3,58.4,True,False
1784608263.744,58.4,59.2,True,False
1784608263.905,58.6,60.0,True,False
1784608264.075,58.8,70.1,True,False
1784608264.233,58.9,57.8,True,False
1784608264.391,59.1,58.0,True,False
1784608264.550,59.3,58.1,True,False
1784608264.725,59.4,74.8,True,False
1784608264.884,59.6,58.7,True,False
1784608265.062,59.8,78.1,True,False
1784608265.221,59.9,58.6,True,False
1784608265.401,60.1,79.6,True,False
1784608265.572,60.3,70.4,True,False
1784608265.730,60.4,58.3,True,False
1784608265.889,60.6,58.3,True,False
1784608266.068,60.8,78.1,True,False
1784608266.226,60.9,58.5,True,False
1784608266.385,61.1,58.4,True,False
1784608266.545,61.2,59.0,True,False
1784608266.719,61.4,73.5,True,False
1784608266.890,61.6,70.9,True,False
1784608267.059,61.8,69.4,True,False
1784608267.218,61.9,58.5,True,False
1784608267.377,62.1,58.5,True,False
1784608267.551,62.3,73.2,True,False
1784608267.709,62.4,58.5,True,False
1784608267.890,62.6,80.4,True,False
1784608268.060,62.8,69.9,True,False
1784608268.219,62.9,58.4,True,False
1784608268.377,63.1,58.1,True,False
1784608268.553,63.3,76.3,True,False
1784608269.163,63.9,508.9,True,True
1784608269.322,64.0,58.6,True,False
1784608269.481,64.2,58.4,True,False
1784608269.640,64.3,58.8,True,False
1784608269.798,64.5,58.6,True,False
1784608269.977,64.7,78.3,True,False
1784608270.147,64.8,69.3,True,False
1784608270.306,65.0,58.3,True,False
1784608270.485,65.2,79.0,True,False
1784608270.654,65.4,68.8,True,False
1784608270.813,65.5,58.6,True,False
1784608270.972,65.7,58.9,True,False
1784608271.131,65.8,58.3,True,False
1784608271.290,66.0,58.6,True,False
1784608271.461,66.2,71.7,True,False
1784608271.621,66.3,58.9,True,False
1784608271.803,66.5,81.4,True,False
1784608271.962,66.7,59.0,True,False
1784608272.143,66.8,80.8,True,False
1784608272.302,67.0,58.1,True,False
1784608272.484,67.2,81.7,True,False
1784608273.093,67.8,509.1,True,True
1784608273.252,68.0,58.5,True,False
1784608273.862,68.6,509.1,True,True
1784608274.022,68.7,59.2,True,False
1784608274.190,68.9,67.8,True,False
1784608274.349,69.1,58.9,True,False
1784608274.529,69.2,79.5,True,False
1784608274.698,69.4,69.4,True,False
1784608275.318,70.0,520.1,True,True
1784608275.488,70.2,69.5,True,False
1784608276.110,70.8,521.6,True,True
1784608276.269,71.0,59.0,True,False
1784608276.901,71.6,530.9,True,True
1784608277.060,71.8,58.9,True,False
1784608277.668,72.4,508.2,True,True
1784608277.827,72.5,58.3,True,False
1784608277.986,72.7,58.7,True,False
1784608278.145,72.8,58.5,True,False
1784608278.304,73.0,58.7,True,False
1784608278.927,73.6,523.1,True,True
1784608279.095,73.8,67.8,True,False
1784608279.716,74.4,521.3,True,True
1784608279.876,74.6,58.9,True,False
1784608280.054,74.8,78.0,True,False
1784608280.663,75.4,509.0,True,True
1784608280.845,75.5,81.2,True,False
1784608281.004,75.7,59.1,True,False
1784608281.185,75.9,80.6,True,False
1784608281.794,76.5,508.4,True,True
1784608281.953,76.7,58.9,True,False
1784608282.112,76.8,59.0,True,False
1784608282.271,77.0,58.7,True,False
1784608282.901,77.6,529.7,True,True
1784608283.070,77.8,68.1,True,False
1784608283.229,77.9,58.7,True,False
1784608283.388,78.1,58.4,True,False
1784608283.997,78.7,508.9,True,True
1784608284.156,78.9,58.8,True,False
1784608284.314,79.0,58.4,True,False
1784608284.923,79.6,509.0,True,True
1784608285.083,79.8,59.1,True,False
1784608285.241,79.9,58.8,True,False
1784608285.417,80.1,75.2,True,False
1784608285.575,80.3,58.4,True,False
1784608286.184,80.9,508.5,True,True
1784608286.343,81.0,58.4,True,False
1784608286.502,81.2,58.3,True,False
1784608286.660,81.4,58.3,True,False
1784608286.830,81.5,69.3,True,False
1784608286.989,81.7,58.5,True,False
1784608287.147,81.9,58.3,True,False
1784608287.307,82.0,58.9,True,False
1784608287.480,82.2,73.7,True,False
1784608287.640,82.3,59.0,True,False
1784608287.821,82.5,80.4,True,False
1784608287.988,82.7,67.6,True,False
1784608288.147,82.9,58.6,True,False
1784608288.329,83.0,81.0,True,False
1784608288.497,83.2,68.1,True,False
1784608288.667,83.4,69.3,True,False
1784608288.837,83.5,70.3,True,False
1784608288.996,83.7,58.4,True,False
1784608289.164,83.9,67.4,True,False
1784608289.322,84.0,58.3,True,False
1784608289.481,84.2,58.3,True,False
1784608289.640,84.3,58.2,True,False
1784608289.799,84.5,58.9,True,False
1784608289.958,84.7,59.1,True,False
1784608290.118,84.8,59.0,True,False
1784608290.296,85.0,78.4,True,False
1784608290.905,85.6,508.3,True,True
1784608291.063,85.8,58.1,True,False
1784608291.689,86.4,525.8,True,True
1784608291.848,86.6,58.9,True,False
1784608292.008,86.7,59.9,True,False
1784608292.167,86.9,58.7,True,False
1784608292.326,87.0,58.5,True,False
1784608292.485,87.2,58.7,True,False
1784608293.094,87.8,508.9,True,True
1784608293.267,88.0,72.5,True,False
1784608293.876,88.6,508.3,True,True
1784608294.035,88.7,58.5,True,False
1784608294.193,88.9,58.9,True,False
1784608294.363,89.1,69.0,True,False
1784608294.972,89.7,508.6,True,True
1784608295.139,89.8,67.6,True,False
1784608295.761,90.5,520.9,True,True
1784608295.933,90.6,71.6,True,False
1784608296.552,91.3,519.4,True,True
1784608296.721,91.4,68.4,True,False
1784608297.342,92.0,520.3,True,True
1784608297.500,92.2,58.5,True,False
1784608297.660,92.4,59.0,True,False
1784608297.819,92.5,59.1,True,False
1784608297.978,92.7,58.7,True,False
1784608298.159,92.9,79.9,True,False
1784608298.328,93.0,68.6,True,False
1784608298.499,93.2,71.1,True,False
1784608298.657,93.4,58.4,True,False
1784608299.266,94.0,509.1,True,True
1784608299.425,94.1,58.4,True,False
1784608299.584,94.3,58.3,True,False
1784608299.762,94.5,77.9,True,False
1784608299.921,94.6,58.5,True,False
1784608300.101,94.8,80.0,True,False
1784608300.269,95.0,67.5,True,False
1784608300.440,95.1,70.5,True,False
1784608301.049,95.8,508.5,True,True
1784608301.207,95.9,58.3,True,False
1784608301.384,96.1,75.8,True,False
1784608301.543,96.2,59.2,True,False
1784608301.702,96.4,58.4,True,False
1784608301.861,96.6,58.8,True,False
1784608302.021,96.7,59.2,True,False
1784608302.180,96.9,59.0,True,False
1784608302.356,97.1,76.0,True,False
1784608302.965,97.7,508.7,True,True
1784608303.147,97.9,81.7,True,False
1784608303.306,98.0,58.3,True,False
1784608303.915,98.6,508.7,True,True
1784608304.074,98.8,58.7,True,False
1784608304.683,99.4,508.2,True,True
1784608304.841,99.5,58.6,True,False
1784608305.451,100.2,508.8,True,True
1784608305.610,100.3,58.7,True,False
1784608305.786,100.5,76.3,True,False
1784608305.945,100.6,58.6,True,False
1784608306.126,100.8,80.6,True,False
1784608306.308,101.0,81.6,True,False
1784608306.467,101.2,58.5,True,False
1784608306.625,101.3,58.2,True,False
1784608306.801,101.5,76.2,True,False
1784608306.961,101.7,59.1,True,False
1784608307.120,101.8,58.5,True,False
1784608307.729,102.4,508.7,True,True
1784608307.888,102.6,58.8,True,False
1784608308.047,102.8,58.9,True,False
1784608308.215,102.9,67.5,True,False
1784608308.824,103.5,508.8,True,True
1784608309.006,103.7,82.1,True,False
1784608309.165,103.9,58.7,True,False
1784608309.774,104.5,508.5,True,True
1784608309.931,104.6,57.4,True,False
1784608310.090,104.8,58.9,True,False
1784608310.259,105.0,68.5,True,False
1784608310.418,105.1,58.8,True,False
1784608310.577,105.3,58.5,True,False
1784608310.755,105.5,77.2,True,False
1784608310.925,105.6,69.9,True,False
1784608311.084,105.8,58.9,True,False
1784608311.265,106.0,80.1,True,False
1784608311.436,106.1,71.1,True,False
1784608311.595,106.3,58.8,True,False
1784608312.225,106.9,529.9,True,True
1784608312.397,107.1,71.1,True,False
1784608312.556,107.3,58.4,True,False
1784608312.734,107.4,78.3,True,False
1784608312.905,107.6,70.6,True,False
1784608313.078,107.8,73.2,True,False
1784608313.237,107.9,58.3,True,False
1784608313.395,108.1,58.6,True,False
1784608313.572,108.3,76.2,True,False
1784608314.191,108.9,519.2,True,True
1784608314.350,109.1,58.5,True,False
1784608314.959,109.7,509.3,True,True
1784608315.118,109.8,59.0,True,False
1784608315.277,110.0,59.0,True,False
1784608315.437,110.1,58.9,True,False
1784608316.063,110.8,525.8,True,True
1784608316.222,110.9,58.9,True,False
1784608316.831,111.5,508.6,True,True
1784608316.989,111.7,58.7,True,False
1784608317.598,112.3,508.6,True,True
1784608317.757,112.5,58.5,True,False
1784608318.384,113.1,526.6,True,True
1784608318.552,113.3,68.2,True,False
1784608319.173,113.9,520.9,True,True
1784608319.332,114.0,58.9,True,False
1784608319.941,114.6,508.4,True,True
1784608320.100,114.8,58.8,True,False
1784608320.259,115.0,58.4,True,False
1784608320.436,115.1,76.8,True,False
1784608321.055,115.8,518.3,True,True
1784608321.223,115.9,67.9,True,False
1784608321.382,116.1,59.0,True,False
1784608321.992,116.7,509.2,True,True
1784608322.151,116.9,59.3,True,False
1784608322.761,117.5,509.0,True,True
1784608322.920,117.6,59.4,True,False
1784608323.098,117.8,76.9,True,False
1784608323.256,118.0,58.3,True,False
1784608323.439,118.1,82.5,True,False
1784608323.598,118.3,59.1,True,False
1784608323.758,118.5,59.0,True,False
1784608323.916,118.6,58.2,True,False
1784608324.076,118.8,59.1,True,False
1784608324.685,119.4,509.0,True,True
1784608324.860,119.6,74.6,True,False
1784608325.469,120.2,508.8,True,True
1784608325.628,120.3,58.7,True,False
1784608326.237,120.9,508.9,True,True
1784608326.396,121.1,58.8,True,False
1784608326.556,121.3,59.5,True,False
1784608326.716,121.4,59.5,True,False
1784608327.335,122.0,518.8,True,True
1784608327.494,122.2,58.3,True,False
1784608327.669,122.4,75.0,True,False
1784608327.842,122.5,72.3,True,False
1784608328.012,122.7,70.4,True,False
1784608328.171,122.9,58.5,True,False
1784608328.351,123.1,79.2,True,False
1784608328.971,123.7,519.9,True,True
1784608329.138,123.8,67.0,True,False
1784608329.296,124.0,58.5,True,False
1784608329.464,124.2,67.3,True,False
1784608329.623,124.3,58.5,True,False
1784608329.804,124.5,80.7,True,False
1784608329.962,124.7,58.6,True,False
1784608330.121,124.8,58.7,True,False
1784608330.299,125.0,77.2,True,False
1784608330.918,125.6,518.9,True,True
1784608331.087,125.8,68.6,True,False
1784608331.697,126.4,508.9,True,True
1784608331.865,126.6,68.2,True,False
1784608332.025,126.7,59.1,True,False
1784608332.649,127.4,524.0,True,True
1784608332.808,127.5,58.6,True,False
1784608332.967,127.7,58.8,True,False
1784608333.126,127.8,58.2,True,False
1784608333.297,128.0,71.5,True,False
1784608333.467,128.2,69.4,True,False
1784608333.637,128.3,69.3,True,False
1784608333.796,128.5,58.6,True,False
1784608334.405,129.1,508.6,True,True
1784608334.563,129.3,58.7,True,False
1784608335.173,129.9,509.3,True,True
1784608335.332,130.0,58.6,True,False
1784608335.507,130.2,74.9,True,False
1784608336.129,130.8,522.0,True,True
1784608336.308,131.0,78.5,True,False
1784608336.928,131.6,520.0,True,True
1784608337.087,131.8,58.5,True,False
1784608337.696,132.4,509.3,True,True
1784608337.856,132.6,59.0,True,False
1784608338.015,132.7,58.8,True,False
1784608338.174,132.9,58.9,True,False
1784608338.333,133.0,58.5,True,False
1784608338.502,133.2,69.2,True,False
1784608338.661,133.4,58.5,True,False
1784608338.820,133.5,58.3,True,False
1784608338.979,133.7,59.1,True,False
1784608339.138,133.8,58.9,True,False
1784608339.319,134.0,80.4,True,False
1784608339.490,134.2,70.7,True,False
1784608340.099,134.8,508.8,True,True
1784608340.259,135.0,58.6,True,False
1784608340.418,135.1,59.2,True,False
1784608341.036,135.7,518.2,True,True
1784608341.195,135.9,58.8,True,False
1784608341.370,136.1,74.9,True,False
1784608341.541,136.2,70.5,True,False
1784608341.713,136.4,71.4,True,False
1784608341.872,136.6,58.7,True,False
1784608342.031,136.7,59.0,True,False
1784608342.640,137.3,509.0,True,True
1784608342.809,137.5,68.3,True,False
1784608342.969,137.7,59.8,True,False
1784608343.129,137.8,59.6,True,False
1784608343.288,138.0,59.3,True,False
1784608343.448,138.2,59.2,True,False
1784608343.606,138.3,58.6,True,False
1784608344.230,138.9,523.4,True,True
1784608344.399,139.1,68.4,True,False
1784608344.571,139.3,71.4,True,False
1784608344.730,139.4,58.7,True,False
1784608344.910,139.6,80.2,True,False
1784608345.531,140.2,520.6,True,True
1784608345.701,140.4,69.4,True,False
1784608346.310,141.0,508.7,True,True
1784608346.477,141.2,66.8,True,False
1784608346.637,141.3,59.0,True,False
1784608347.246,141.9,509.1,True,True
1784608347.405,142.1,58.8,True,False
1784608347.582,142.3,76.7,True,False
1784608347.741,142.4,59.1,True,False
1784608347.924,142.6,81.9,True,False
1784608348.093,142.8,69.0,True,False
1784608348.252,143.0,59.1,True,False
1784608348.433,143.1,79.9,True,False
1784608348.592,143.3,58.9,True,False
1784608348.774,143.5,81.0,True,False
1784608348.932,143.6,58.5,True,False
1784608349.091,143.8,58.7,True,False
1784608349.264,144.0,72.4,True,False
1784608349.423,144.1,58.9,True,False
1784608349.582,144.3,58.8,True,False
1784608349.741,144.4,58.8,True,False
1784608349.900,144.6,58.6,True,False
1784608350.058,144.8,58.2,True,False
1784608350.236,144.9,77.5,True,False
1784608350.404,145.1,68.0,True,False
1784608350.563,145.3,58.2,True,False
1784608350.722,145.4,58.5,True,False
1784608351.331,146.0,509.1,True,True
1784608351.512,146.2,80.8,True,False
1784608351.671,146.4,58.8,True,False
1784608351.852,146.6,80.5,True,False
1784608352.023,146.7,70.5,True,False
1784608352.643,147.3,519.3,True,True
1784608352.802,147.5,58.7,True,False
1784608353.411,148.1,508.9,True,True
1784608353.581,148.3,69.6,True,False
1784608354.190,148.9,509.2,True,True
1784608354.367,149.1,76.3,True,False
1784608354.526,149.2,58.6,True,False
1784608354.685,149.4,58.8,True,False
1784608354.862,149.6,76.9,True,False
1784608355.021,149.7,58.5,True,False
1784608355.202,149.9,80.8,True,False
1784608355.361,150.1,58.3,True,False
1784608355.519,150.2,58.3,True,False
1784608355.696,150.4,76.0,True,False
1784608355.865,150.6,68.8,True,False
1784608356.034,150.7,69.3,True,False
1784608356.193,150.9,58.1,True,False
1784608356.351,151.1,58.0,True,False
1784608356.510,151.2,59.0,True,False
1784608356.669,151.4,58.5,True,False
1784608356.843,151.5,74.2,True,False
1784608357.002,151.7,58.6,True,False
1784608357.185,151.9,81.7,True,False
1784608357.353,152.1,68.2,True,False
1784608357.511,152.2,58.3,True,False
1784608357.617,152.3,5.0,False,True
1784608357.776,152.5,59.1,True,False
1784608357.935,152.6,58.6,True,False
1784608358.109,152.8,73.3,True,False
1784608358.729,153.4,519.8,True,True
1784608358.835,153.5,5.9,False,True
1784608358.993,153.7,58.6,True,False
1784608359.612,154.3,517.7,True,True
1784608359.794,154.5,82.1,True,False
1784608359.953,154.7,58.6,True,False
1784608360.584,155.3,530.0,True,True
1784608360.743,155.4,58.8,True,False
1784608361.352,156.1,509.0,True,True
1784608361.511,156.2,58.5,True,False
1784608362.120,156.8,508.9,True,True
1784608362.279,157.0,58.4,True,False
1784608362.438,157.1,58.7,True,False
1784608362.596,157.3,58.4,True,False
1784608362.755,157.5,58.6,True,False
1784608362.936,157.6,80.5,True,False
1784608363.105,157.8,68.8,True,False
1784608363.264,158.0,58.6,True,False
1784608363.873,158.6,508.6,True,True
1784608364.032,158.7,59.3,True,False
1784608364.154,158.9,21.9,False,True
1784608364.261,159.0,6.4,False,True
1784608364.870,159.6,508.6,True,True
1784608365.045,159.7,74.2,True,False
1784608365.215,159.9,69.8,True,False
1784608365.374,160.1,59.1,True,False
1784608365.503,160.2,28.3,False,True
1784608365.662,160.4,58.8,True,False
1784608365.834,160.5,71.8,True,False
1784608366.003,160.7,68.7,True,False
1784608366.120,160.8,17.3,False,True
1784608366.296,161.0,75.0,True,False
1784608366.454,161.2,58.5,True,False
1784608366.613,161.3,58.6,True,False
1784608366.772,161.5,58.6,True,False
1784608366.945,161.6,72.4,True,False
1784608367.104,161.8,58.7,True,False
1784608367.286,162.0,81.7,True,False
1784608367.445,162.1,58.9,True,False
1784608367.625,162.3,80.0,True,False
1784608367.784,162.5,58.9,True,False
1784608367.963,162.7,78.0,True,False
1784608368.121,162.8,58.5,True,False
1784608368.301,163.0,79.6,True,False
1784608368.461,163.2,59.1,True,False
1784608368.620,163.3,58.5,True,False
1784608368.796,163.5,76.0,True,False
1784608368.954,163.7,58.3,True,False
1784608369.136,163.8,80.9,True,False
1784608369.746,164.4,509.6,True,True
1784608369.905,164.6,59.2,True,False
1784608370.011,164.7,5.3,False,True
1784608370.131,164.8,20.0,False,True
1784608370.237,164.9,5.2,False,True
1784608370.416,165.1,79.1,True,False
1784608370.575,165.3,58.2,True,False
1784608370.734,165.4,58.5,True,False
1784608370.910,165.6,76.3,True,False
1784608371.069,165.8,58.3,True,False
1784608371.228,165.9,59.2,True,False
1784608371.837,166.5,508.5,True,True
1784608371.997,166.7,59.3,True,False
1784608372.615,167.3,517.7,True,True
1784608372.774,167.5,58.9,True,False
1784608373.383,168.1,508.4,True,True
1784608373.556,168.3,72.5,True,False
1784608374.177,168.9,520.7,True,True
1784608374.335,169.0,58.5,True,False
1784608374.513,169.2,77.2,True,False
1784608374.684,169.4,70.5,True,False
1784608374.843,169.5,59.0,True,False
1784608374.969,169.7,25.2,False,True
1784608375.146,169.8,77.1,True,False
1784608375.262,170.0,16.0,False,True
1784608375.440,170.1,76.8,True,False
1784608375.598,170.3,58.4,True,False
1784608375.757,170.5,58.8,True,False
1784608375.916,170.6,58.4,True,False
1784608376.075,170.8,58.9,True,False
1784608376.684,171.4,509.1,True,True
1784608376.864,171.6,79.9,True,False
1784608377.023,171.7,59.0,True,False
1784608377.633,172.3,508.7,True,True
1784608377.738,172.4,4.8,False,True
1784608377.897,172.6,58.8,True,False
1784608378.519,173.2,522.0,True,True
1784608378.686,173.4,67.4,True,False
1784608378.846,173.5,59.7,True,False
1784608379.006,173.7,58.8,True,False
1784608379.164,173.9,58.4,True,False
1784608379.335,174.0,70.8,True,False
1784608379.441,174.1,5.2,False,True
1784608379.613,174.3,72.0,True,False
1784608379.772,174.5,58.5,True,False
1784608379.931,174.6,59.0,True,False
1784608380.090,174.8,58.5,True,False
1784608380.262,175.0,72.0,True,False
1784608380.421,175.1,58.6,True,False
1784608380.580,175.3,58.4,True,False
1784608381.188,175.9,508.7,True,True
1784608381.347,176.1,58.5,True,False
1784608381.525,176.2,77.8,True,False
1784608381.697,176.4,71.4,True,False
1784608382.317,177.0,520.4,True,True
1784608382.486,177.2,68.0,True,False
1784608382.591,177.3,5.6,False,True
1784608382.750,177.5,58.4,True,False
1784608382.920,177.6,69.5,True,False
1784608383.088,177.8,67.4,True,False
1784608383.246,177.9,58.3,True,False
1784608383.405,178.1,58.6,True,False
1784608383.564,178.3,59.1,True,False
1784608383.684,178.4,19.0,False,True
1784608383.843,178.5,59.3,True,False
1784608384.014,178.7,70.1,True,False
1784608384.129,178.8,14.3,False,True
1784608384.306,179.0,76.5,True,False
1784608384.465,179.2,58.3,True,False
1784608384.570,179.3,5.6,False,True
1784608384.676,179.4,5.0,False,True
1784608384.835,179.5,59.3,True,False
1784608384.995,179.7,59.5,True,False
1784608385.155,179.9,59.4,True,False
1784608385.314,180.0,59.1,True,False
1784608385.474,180.2,59.5,True,False
1784608385.644,180.3,70.1,True,False
1784608386.262,181.0,517.9,True,True
1784608386.430,181.1,67.7,True,False
1784608386.589,181.3,58.9,True,False
1784608386.695,181.4,5.2,False,True
1784608387.304,182.0,508.5,True,True
1784608387.478,182.2,73.8,True,False
1784608387.647,182.4,68.3,True,False
1784608388.256,183.0,508.7,True,True
1784608388.415,183.1,58.4,True,False
1784608388.573,183.3,58.4,True,False
1784608388.733,183.4,59.0,True,False
1784608388.848,183.6,14.7,False,True
1784608389.025,183.7,76.8,True,False
1784608389.183,183.9,58.1,True,False
1784608389.365,184.1,81.3,True,False
1784608389.974,184.7,508.9,True,True
1784608390.079,184.8,5.3,False,True
1784608390.238,184.9,58.7,True,False
1784608390.848,185.6,509.3,True,True
1784608391.007,185.7,58.5,True,False
1784608391.616,186.3,508.6,True,True
1784608391.775,186.5,59.2,True,False
1784608391.947,186.6,71.1,True,False
1784608392.556,187.3,508.7,True,True
1784608392.715,187.4,58.6,True,False
1784608392.873,187.6,58.5,True,False
1784608393.042,187.7,68.6,True,False
1784608393.201,187.9,58.5,True,False
1784608393.359,188.1,57.9,True,False
1784608393.518,188.2,58.6,True,False
1784608393.688,188.4,69.7,True,False
1784608393.861,188.6,72.5,True,False
1784608394.029,188.7,68.0,True,False
1784608394.199,188.9,70.1,True,False
1784608394.369,189.1,69.1,True,False
1784608394.540,189.2,70.4,True,False
1784608394.645,189.3,5.2,False,True
1784608394.821,189.5,75.4,True,False
1784608394.926,189.6,5.0,False,True
1784608395.086,189.8,59.1,True,False
1784608395.245,189.9,58.7,True,False
1784608395.404,190.1,58.6,True,False
1784608395.578,190.3,73.7,True,False
1784608395.737,190.4,59.1,True,False
1784608395.897,190.6,59.2,True,False
1784608396.073,190.8,76.4,True,False
1784608396.232,190.9,58.3,True,False
1784608396.391,191.1,58.5,True,False
1784608396.515,191.2,24.6,False,True
1784608396.674,191.4,58.4,True,False
1784608396.833,191.5,58.4,True,False
1784608397.003,191.7,70.3,True,False
1784608397.621,192.3,518.2,True,True
1784608397.781,192.5,58.8,True,False
1784608397.940,192.6,59.0,True,False
1784608398.099,192.8,58.6,True,False
1784608398.257,193.0,58.5,True,False
1784608398.439,193.1,81.6,True,False
1784608398.608,193.3,69.0,True,False
1784608398.769,193.5,60.7,True,False
1784608399.378,194.1,509.0,True,True
1784608399.551,194.3,72.6,True,False
1784608400.161,194.9,508.7,True,True
1784608400.319,195.0,58.4,True,False
1784608400.494,195.2,74.8,True,False
1784608400.600,195.3,5.1,False,True
1784608401.208,195.9,507.9,True,True
1784608401.381,196.1,72.6,True,False
1784608402.001,196.7,519.7,True,True
1784608402.170,196.9,68.4,True,False
1784608402.787,197.5,517.0,True,True
1784608402.959,197.7,71.0,True,False
1784608403.128,197.8,68.8,True,False
1784608403.748,198.5,519.3,True,True
1784608403.907,198.6,59.0,True,False
1784608404.516,199.2,509.2,True,True
1784608404.691,199.4,74.3,True,False
1784608405.319,200.0,528.1,True,True
1784608405.478,200.2,58.9,True,False
1784608405.637,200.3,58.8,True,False
1784608405.811,200.5,73.0,True,False
1784608406.432,201.1,520.3,True,True
1784608406.590,201.3,57.7,True,False
1784608407.198,201.9,508.1,True,True
1784608407.374,202.1,75.7,True,False
1784608407.532,202.2,58.3,True,False
1784608408.164,202.9,531.2,True,True
1784608408.323,203.0,58.1,True,False
1784608408.497,203.2,73.9,True,False
1784608408.602,203.3,4.8,False,True
1784608408.722,203.4,19.5,False,True
1784608409.330,204.0,508.5,True,True
1784608409.499,204.2,68.0,True,False
1784608409.616,204.3,16.5,False,True
1784608410.225,204.9,508.8,True,True
1784608410.384,205.1,59.0,True,False
1784608410.543,205.2,59.0,True,False
1784608410.701,205.4,58.4,True,False
1784608410.816,205.5,14.7,False,True
1784608410.921,205.6,5.2,False,True
1784608411.552,206.3,530.8,True,True
1784608411.711,206.4,58.7,True,False
1784608411.870,206.6,58.4,True,False
1784608411.987,206.7,17.0,False,True
1784608412.155,206.9,67.7,True,False
1784608412.322,207.0,66.6,True,False
1784608412.438,207.1,16.1,False,True
1784608412.616,207.3,77.2,True,False
1784608412.775,207.5,59.1,True,False
1784608412.935,207.6,59.1,True,False
1784608413.094,207.8,58.9,True,False
1784608413.252,208.0,58.2,True,False
1784608413.411,208.1,58.7,True,False
1784608413.587,208.3,75.3,True,False
1784608413.757,208.5,69.5,True,False
1784608413.929,208.6,71.8,True,False
1784608414.112,208.8,82.6,True,False
1784608414.272,209.0,59.1,True,False
1784608414.399,209.1,27.2,False,True
1784608414.521,209.2,21.9,False,True
1784608414.645,209.3,23.8,False,True
1784608414.768,209.5,22.3,False,True
1784608414.890,209.6,22.1,False,True
1784608415.016,209.7,24.9,False,True
1784608415.625,210.3,509.0,True,True
1784608415.796,210.5,70.5,True,False
1784608416.405,211.1,508.8,True,True
1784608416.577,211.3,71.3,True,False
1784608416.736,211.4,59.4,True,False
1784608417.368,212.1,531.4,True,True
1784608417.527,212.2,58.4,True,False
1784608418.136,212.8,508.5,True,True
1784608418.295,213.0,58.6,True,False
1784608418.473,213.2,77.9,True,False
1784608418.632,213.3,58.9,True,False
1784608418.791,213.5,59.0,True,False
1784608418.968,213.7,77.0,True,False
1784608419.126,213.8,58.1,True,False
1784608419.305,214.0,78.7,True,False
1784608419.410,214.1,4.9,False,True
1784608419.532,214.2,21.0,False,True
1784608420.140,214.8,508.2,True,True
1784608420.309,215.0,68.7,True,False
1784608420.918,215.6,508.2,True,True
1784608421.077,215.8,58.5,True,False
1784608421.201,215.9,24.5,False,True
1784608421.307,216.0,5.0,False,True
1784608421.466,216.2,59.0,True,False
1784608421.642,216.3,76.3,True,False
1784608421.748,216.5,5.0,False,True
1784608421.906,216.6,58.5,True,False
1784608422.012,216.7,5.6,False,True
1784608422.118,216.8,5.6,False,True
1784608422.235,216.9,16.7,False,True
1784608422.844,217.5,508.8,True,True
1784608423.015,217.7,70.5,True,False
1784608423.635,218.3,520.0,True,True
1784608423.794,218.5,59.1,True,False
1784608423.920,218.6,25.7,False,True
1784608424.097,218.8,76.5,True,False
1784608424.717,219.4,520.0,True,True
1784608424.884,219.6,66.7,True,False
1784608425.043,219.7,58.9,True,False
1784608425.211,219.9,67.3,True,False
1784608425.327,220.0,15.8,False,True
1784608425.936,220.6,508.6,True,True
1784608426.110,220.8,74.4,True,False
1784608426.719,221.4,508.8,True,True
1784608426.878,221.6,58.9,True,False
1784608427.038,221.7,58.9,True,False
1784608427.208,221.9,70.2,True,False
1784608427.380,222.1,71.1,True,False
1784608427.539,222.2,58.9,True,False
1784608427.698,222.4,58.7,True,False
1784608427.857,222.6,58.5,True,False
1784608428.030,222.7,72.4,True,False
1784608428.189,222.9,59.2,True,False
1784608428.347,223.1,58.0,True,False
1784608428.523,223.2,75.6,True,False
1784608428.691,223.4,68.5,True,False
1784608428.861,223.6,69.6,True,False
1784608429.031,223.7,69.6,True,False
1784608429.190,223.9,58.5,True,False
1784608429.349,224.1,58.4,True,False
1784608429.526,224.2,77.2,True,False
1784608429.695,224.4,68.9,True,False
1784608430.304,225.0,508.5,True,True
1784608430.463,225.2,58.3,True,False
1784608431.086,225.8,523.3,True,True
1784608431.245,225.9,58.5,True,False
1784608431.854,226.6,508.0,True,True
1784608432.028,226.7,74.6,True,False
1784608432.650,227.4,521.1,True,True
1784608432.809,227.5,58.7,True,False
1784608432.968,227.7,59.0,True,False
1784608433.144,227.8,75.7,True,False
1784608433.303,228.0,58.5,True,False
1784608433.912,228.6,508.5,True,True
1784608434.072,228.8,59.0,True,False
1784608434.689,229.4,516.7,True,True
1784608434.847,229.6,58.4,True,False
1784608435.029,229.7,81.9,True,False
1784608435.638,230.3,507.8,True,True
1784608435.816,230.5,78.0,True,False
1784608436.437,231.1,520.8,True,True
1784608436.596,231.3,58.8,True,False
1784608437.205,231.9,509.0,True,True
1784608437.365,232.1,58.9,True,False
1784608437.983,232.7,517.9,True,True
1784608438.142,232.8,58.8,True,False
1784608438.772,233.5,529.4,True,True
1784608438.953,233.7,80.6,True,False
1784608439.573,234.3,519.9,True,True
1784608439.732,234.4,58.6,True,False
1784608440.341,235.0,509.3,True,True
1784608440.500,235.2,58.4,True,False
1784608440.659,235.4,58.9,True,False
1784608440.765,235.5,5.5,False,True
1784608440.880,235.6,14.7,False,True
1784608441.039,235.7,58.4,True,False
1784608441.211,235.9,71.8,True,False
1784608441.330,236.0,18.6,False,True
1784608441.454,236.2,23.8,False,True
1784608441.613,236.3,58.6,True,False
1784608441.772,236.5,59.0,True,False
1784608441.930,236.6,57.7,True,False
1784608442.090,236.8,59.0,True,False
1784608442.249,237.0,59.0,True,False
1784608442.407,237.1,58.1,True,False
1784608442.590,237.3,81.9,True,False
1784608442.749,237.5,58.6,True,False
1784608442.929,237.6,80.6,True,False
1784608443.101,237.8,71.5,True,False
1784608443.274,238.0,72.0,True,False
1784608443.442,238.1,68.3,True,False
1784608443.601,238.3,58.4,True,False
1784608444.210,238.9,508.9,True,True
1784608444.369,239.1,59.0,True,False
1784608444.978,239.7,508.4,True,True
1784608445.137,239.8,58.6,True,False
1784608445.295,240.0,58.2,True,False
1784608445.454,240.2,58.5,True,False
1784608445.613,240.3,59.5,True,False
1784608445.782,240.5,68.0,True,False
1784608445.954,240.7,71.7,True,False
1784608446.124,240.8,70.0,True,False
1784608446.733,241.4,508.4,True,True
1784608446.848,241.6,15.4,False,True
1784608447.026,241.7,76.9,True,False
1784608447.635,242.3,508.6,True,True
1784608447.815,242.5,80.1,True,False
1784608447.921,242.6,5.4,False,True
1784608448.027,242.7,5.5,False,True
1784608448.150,242.9,23.4,False,True
1784608448.309,243.0,58.6,True,False
1784608448.468,243.2,59.3,True,False
1784608448.627,243.3,58.2,True,False
1784608448.805,243.5,78.0,True,False
1784608448.910,243.6,4.9,False,True
1784608449.030,243.7,19.2,False,True
1784608449.208,243.9,77.8,True,False
1784608449.367,244.1,58.9,True,False
1784608449.526,244.2,58.4,True,False
1784608449.684,244.4,58.1,True,False
1784608449.843,244.5,58.5,True,False
1784608450.002,244.7,58.9,True,False
1784608450.124,244.8,22.0,False,True
1784608450.230,244.9,5.0,False,True
1784608450.335,245.0,5.0,False,True
1784608450.515,245.2,79.7,True,False
1784608450.674,245.4,58.1,True,False
1784608450.779,245.5,5.0,False,True
1784608450.897,245.6,17.9,False,True
1784608451.506,246.2,509.1,True,True
1784608451.665,246.4,58.9,True,False
1784608452.283,247.0,517.6,True,True
1784608452.442,247.1,58.3,True,False
1784608453.050,247.8,508.5,True,True
1784608453.210,247.9,58.9,True,False
1784608453.819,248.5,508.8,True,True
1784608454.000,248.7,81.5,True,False
1784608454.106,248.8,4.9,False,True
1784608454.715,249.4,508.7,True,True
1784608454.896,249.6,80.6,True,False
1784608455.805,250.5,808.7,True,True
1784608456.413,251.1,508.7,True,True
1784608457.334,252.0,820.9,True,True
1784608457.944,252.6,508.9,True,True
1784608458.853,253.6,808.9,True,True
1784608459.462,254.2,509.0,True,True
1784608460.371,255.1,808.5,True,True
1784608460.980,255.7,508.7,True,True
1784608461.910,256.6,829.7,True,True
1784608462.519,257.2,508.7,True,True
1784608463.427,258.1,808.5,True,True
1784608464.036,258.7,508.7,True,True
1784608464.154,258.9,17.3,False,True
1784608464.314,259.0,59.5,True,False
1784608464.487,259.2,73.2,True,False
1784608464.646,259.3,58.9,True,False
1784608464.805,259.5,58.7,True,False
1784608464.983,259.7,77.7,True,False
1784608465.892,260.6,808.4,True,True
1784608465.998,260.7,5.8,False,True
1784608466.104,260.8,5.4,False,True
1784608466.228,260.9,24.4,False,True
1784608466.352,261.1,23.0,False,True
1784608466.510,261.2,58.2,True,False
1784608467.419,262.1,809.0,True,True
1784608467.577,262.3,57.9,True,False
1784608468.501,263.2,823.3,True,True
1784608468.606,263.3,5.2,False,True
1784608468.765,263.5,59.0,True,False
1784608469.675,264.4,809.4,True,True
1784608469.834,264.5,58.6,True,False
1784608470.743,265.4,809.0,True,True
1784608470.857,265.6,14.1,False,True
1784608471.467,266.2,508.9,True,True
1784608472.388,267.1,820.3,True,True
1784608472.547,267.3,58.8,True,False
1784608473.167,267.9,519.4,True,True
1784608473.271,268.0,4.2,False,True
1784608473.442,268.1,70.3,True,False
1784608474.063,268.8,520.7,True,True
1784608474.244,268.9,81.0,True,False
1784608474.854,269.6,509.3,True,True
1784608475.035,269.7,80.5,True,False
1784608475.654,270.4,519.2,True,True
1784608475.813,270.5,58.3,True,False
1784608476.422,271.1,508.5,True,True
1784608476.539,271.2,17.3,False,True
1784608477.468,272.2,827.9,True,True
1784608478.077,272.8,509.1,True,True
1784608478.237,272.9,59.5,True,False
1784608478.870,273.6,532.6,True,True
1784608479.029,273.7,58.9,True,False
1784608479.638,274.3,508.9,True,True
1784608479.797,274.5,58.8,True,False
1784608479.902,274.6,5.2,False,True
1784608480.812,275.5,809.0,True,True
1784608480.986,275.7,74.5,True,False
1784608481.907,276.6,820.0,True,True
1784608482.065,276.8,58.6,True,False
1784608482.974,277.7,808.5,True,True
1784608483.133,277.8,59.0,True,False
1784608483.256,278.0,21.7,False,True
1784608483.433,278.1,77.1,True,False
1784608484.342,279.0,809.0,True,True
1784608484.967,279.7,524.7,True,True
1784608485.876,280.6,808.5,True,True
1784608486.498,281.2,521.5,True,True
1784608486.656,281.4,58.5,True,False
1784608487.266,282.0,509.2,True,True
1784608488.175,282.9,808.8,True,True
1784608488.334,283.0,58.9,True,False
1784608488.493,283.2,58.4,True,False
1784608489.122,283.8,529.1,True,True
1784608489.228,283.9,5.4,False,True
1784608489.387,284.1,58.6,True,False
1784608489.566,284.3,78.3,True,False
1784608489.725,284.4,59.0,True,False
1784608490.656,285.4,830.3,True,True
1784608490.815,285.5,58.8,True,False
1784608491.424,286.1,508.4,True,True
1784608492.333,287.0,808.7,True,True
1784608492.457,287.2,24.7,False,True
1784608492.616,287.3,58.6,True,False
1784608493.525,288.2,809.0,True,True
1784608493.685,288.4,59.0,True,False
1784608493.855,288.6,69.6,True,False
1784608494.014,288.7,59.0,True,False
1784608494.923,289.6,808.6,True,True
1784608495.533,290.2,509.0,True,True
1784608495.691,290.4,58.6,True,False
1784608496.310,291.0,518.9,True,True
1784608497.220,291.9,809.4,True,True
1784608497.838,292.5,517.6,True,True
1784608498.007,292.7,68.6,True,False
1784608498.166,292.9,59.1,True,False
1784608498.326,293.0,59.0,True,False
1784608498.485,293.2,58.7,True,False
1784608498.590,293.3,5.4,False,True
1784608499.214,293.9,522.9,True,True
1784608499.383,294.1,69.0,True,False
1784608499.992,294.7,508.8,True,True
1784608500.901,295.6,808.7,True,True
1784608501.511,296.2,509.0,True,True
1784608502.418,297.1,807.6,True,True
1784608502.578,297.3,58.9,True,False
1784608503.486,298.2,808.3,True,True
1784608503.645,298.3,59.0,True,False
1784608504.271,299.0,525.5,True,True
1784608505.180,299.9,809.2,True,True
1784608505.790,300.5,508.7,True,True
1784608506.721,301.4,831.0,True,True
1784608507.330,302.0,508.6,True,True
1784608507.489,302.2,58.5,True,False
1784608508.414,303.1,824.5,True,True
1784608508.538,303.2,24.0,False,True
1784608508.715,303.4,76.7,True,False
1784608509.624,304.3,809.1,True,True
1784608509.794,304.5,69.7,True,False
1784608510.403,305.1,508.9,True,True
1784608510.563,305.3,59.0,True,False
1784608511.186,305.9,522.8,True,True
1784608511.314,306.0,27.4,False,True
1784608511.491,306.2,77.3,True,False
1784608512.400,307.1,808.8,True,True
1784608512.559,307.3,58.8,True,False
1784608512.718,307.4,58.7,True,False
1784608513.327,308.0,508.3,True,True
1784608513.486,308.2,58.3,True,False
1784608514.395,309.1,808.7,True,True
1784608514.563,309.3,68.2,True,False
1784608515.472,310.2,808.4,True,True
1784608515.630,310.3,58.1,True,False
1784608516.239,310.9,508.2,True,True
1784608517.149,311.9,809.9,True,True
1784608517.758,312.5,508.6,True,True
1784608518.667,313.4,808.3,True,True
1784608519.276,314.0,508.9,True,True
1784608519.435,314.1,58.5,True,False
1784608520.044,314.7,509.0,True,True
1784608520.203,314.9,58.8,True,False
1784608520.812,315.5,508.5,True,True
1784608520.994,315.7,82.2,True,False
1784608521.614,316.3,519.2,True,True
1784608521.785,316.5,70.5,True,False
1784608522.405,317.1,520.2,True,True
1784608522.587,317.3,81.1,True,False
1784608522.758,317.5,70.6,True,False
1784608522.864,317.6,5.4,False,True
1784608523.473,318.2,508.9,True,True
1784608524.404,319.1,831.2,True,True
1784608525.013,319.7,508.7,True,True
1784608525.173,319.9,59.1,True,False
1784608525.782,320.5,509.2,True,True
1784608525.941,320.6,58.3,True,False
1784608526.549,321.3,508.5,True,True
1784608526.708,321.4,58.6,True,False
1784608527.317,322.0,508.8,True,True
1784608527.476,322.2,58.8,True,False
1784608527.638,322.3,61.1,True,False
1784608527.796,322.5,58.5,True,False
1784608527.924,322.6,27.9,False,True
1784608528.101,322.8,76.6,True,False
1784608528.711,323.4,509.0,True,True
1784608528.816,323.5,5.3,False,True
1784608528.921,323.6,5.2,False,True
1784608529.027,323.7,5.1,False,True
1784608529.207,323.9,80.0,True,False
1784608529.816,324.5,508.6,True,True
1784608529.975,324.7,59.0,True,False
1784608530.601,325.3,525.8,True,True
1784608530.707,325.4,5.0,False,True
1784608530.877,325.6,70.5,True,False
1784608531.036,325.7,58.6,True,False
1784608531.204,325.9,67.3,True,False
1784608531.362,326.1,58.6,True,False
1784608531.544,326.2,81.8,True,False
1784608531.659,326.4,14.4,False,True
1784608531.818,326.5,59.0,True,False
1784608531.998,326.7,79.3,True,False
1784608532.922,327.6,823.8,True,True
1784608533.531,328.2,508.6,True,True
1784608534.440,329.1,808.7,True,True
1784608534.598,329.3,58.3,True,False
1784608535.508,330.2,809.1,True,True
1784608535.667,330.4,59.2,True,False
1784608535.837,330.5,69.5,True,False
1784608536.007,330.7,69.8,True,False
1784608536.112,330.8,4.9,False,True
1784608536.285,331.0,73.1,True,False
1784608536.454,331.2,68.2,True,False
1784608536.613,331.3,58.7,True,False
1784608536.793,331.5,80.1,True,False
1784608536.962,331.7,68.5,True,False
1784608537.131,331.8,68.2,True,False
1784608537.302,332.0,71.1,True,False
1784608538.672,333.4,1269.6,True,True
1784608540.520,335.2,1747.5,True,True
1784608542.077,336.8,1456.1,True,True
1784608544.315,339.0,2138.4,True,True
1784608545.716,340.4,1300.6,True,True
1784608547.988,342.7,2172.0,True,True
1784608549.749,344.5,1660.7,True,True
1784608549.854,344.6,5.1,False,True
1784608549.972,344.7,17.4,False,True
1784608550.078,344.8,5.2,False,True
1784608550.184,344.9,5.5,False,True
1784608551.668,346.4,1383.3,True,True
1784608553.127,347.8,1359.5,True,True
1784608554.401,349.1,1173.8,True,True
1784608555.859,350.6,1357.0,True,True
1784608557.270,352.0,1311.2,True,True
1784608559.374,354.1,2003.3,True,True
1784608559.523,354.2,49.0,False,True
1784608561.405,356.1,1782.2,True,True
1784608562.718,357.4,1212.5,True,True
1784608564.937,359.6,2119.1,True,True
1784608566.428,361.1,1390.3,True,True
1784608568.374,363.1,1845.4,True,True
1784608569.768,364.5,1293.8,True,True
1784608571.178,365.9,1309.1,True,True
1784608572.652,367.4,1373.6,True,True
1784608574.733,369.4,1981.4,True,True
1784608576.201,370.9,1367.6,True,True
1784608578.386,373.1,2084.6,True,True
1784608579.804,374.5,1318.2,True,True
1784608581.859,376.6,1954.3,True,True
1784608583.209,377.9,1250.5,True,True
1784608584.955,379.7,1646.0,True,True
1784608586.497,381.2,1441.3,True,True
1784608588.408,383.1,1810.3,True,True
1784608589.880,384.6,1371.4,True,True
1784608591.758,386.5,1778.1,True,True
1784608593.198,387.9,1340.0,True,True
1784608593.303,388.0,4.8,False,True
1784608594.726,389.4,1322.8,True,True
1784608596.097,390.8,1271.0,True,True
1784608597.528,392.2,1330.8,True,True
1784608598.855,393.6,1227.1,True,True
1784608600.322,395.0,1366.6,True,True
1784608601.715,396.4,1292.5,True,True
1784608603.666,398.4,1850.8,True,True
1784608605.020,399.7,1254.5,True,True
1784608606.462,401.2,1341.4,True,True
1784608606.577,401.3,14.6,False,True
1784608607.932,402.6,1255.1,True,True
1784608609.821,404.5,1788.0,True,True
1784608611.235,405.9,1313.7,True,True
1784608613.125,407.8,1790.1,True,True
1784608613.231,407.9,5.2,False,True
1784608613.353,408.1,22.2,False,True
1784608615.522,410.2,2068.4,True,True
1784608617.430,412.1,1808.2,True,True
1784608619.624,414.3,2093.8,True,True
1784608621.403,416.1,1679.0,True,True
1784608623.654,418.4,2150.4,True,True
1784608624.979,419.7,1225.5,True,True
1784608626.442,421.1,1362.5,True,True
1784608628.589,423.3,2046.2,True,True
1784608630.592,425.3,1903.3,True,True
1784608632.048,426.8,1355.3,True,True
1784608633.882,428.6,1733.9,True,True
1784608635.316,430.0,1333.1,True,True
1784608637.256,432.0,1840.0,True,True
1784608639.325,434.0,1969.1,True,True
1784608640.637,435.3,1211.4,True,True
1784608640.765,435.5,27.5,False,True
1784608642.241,436.9,1376.4,True,True
1784608643.695,438.4,1353.3,True,True
1784608645.176,439.9,1381.1,True,True
1784608646.652,441.4,1375.3,True,True
1784608648.948,443.7,2195.8,True,True
1784608650.458,445.2,1409.3,True,True
1784608652.633,447.3,2074.7,True,True
1784608654.468,449.2,1735.0,True,True
1784608656.475,451.2,1906.6,True,True
1784608658.314,453.0,1739.0,True,True
1784608660.597,455.3,2183.4,True,True
1784608662.440,457.1,1742.8,True,True
1784608663.927,458.6,1386.0,True,True
1784608666.129,460.8,2102.5,True,True
1784608666.247,461.0,17.3,False,True
1784608667.771,462.5,1423.5,True,True
1784608669.636,464.3,1764.9,True,True
1784608671.078,465.8,1341.9,True,True
1784608673.247,467.9,2068.3,True,True
1784608674.711,469.4,1363.9,True,True
1784608676.555,471.3,1743.7,True,True
1784608678.578,473.3,1922.5,True,True
1784608680.433,475.1,1754.8,True,True
1784608682.657,477.4,2123.3,True,True
1784608684.582,479.3,1825.3,True,True
1784608686.679,481.4,1996.3,True,True
1784608688.113,482.8,1334.2,True,True
1784608688.240,482.9,27.0,False,True
1784608689.643,484.3,1302.4,True,True
1784608691.798,486.5,2054.8,True,True
1784608693.648,488.4,1749.6,True,True
1784608695.024,489.7,1275.6,True,True
1784608696.460,491.2,1335.0,True,True
1784608698.661,493.4,2101.6,True,True
1784608700.106,494.8,1344.4,True,True
1784608700.212,494.9,5.3,False,True
1784608700.317,495.0,5.1,False,True
1784608702.475,497.2,2057.3,True,True
1784608703.856,498.6,1280.7,True,True
1784608705.977,500.7,2020.6,True,True
1784608711.080,505.8,5003.0,False,True
1784608711.990,506.7,808.7,True,True
1784608712.105,506.8,15.4,False,True
1784608712.264,507.0,59.3,True,False
1784608713.187,507.9,822.0,True,True
1784608713.816,508.5,528.5,True,True
1784608713.985,508.7,68.7,True,False
1784608714.893,509.6,808.0,True,True
1784608715.067,509.8,73.1,True,False
1784608715.976,510.7,808.6,True,True
1784608716.135,510.8,58.8,True,False
1784608717.045,511.7,809.2,True,True
1784608717.670,512.4,525.0,True,True
1784608717.785,512.5,14.8,False,True
1784608717.890,512.6,5.1,False,True
1784608718.799,513.5,808.4,True,True
1784608718.904,513.6,4.8,False,True
1784608719.078,513.8,73.6,True,False
1784608719.997,514.7,819.2,True,True
1784608720.156,514.9,58.7,True,False
1784608721.065,515.8,808.7,True,True
1784608721.235,515.9,69.6,True,False
1784608722.144,516.8,808.3,True,True
1784608722.753,517.5,509.0,True,True
1784608723.662,518.4,809.2,True,True
1784608724.280,519.0,517.6,True,True
1784608725.190,519.9,808.9,True,True
1784608725.818,520.5,528.5,True,True
1784608726.750,521.5,831.0,True,True
1784608726.909,521.6,58.5,True,False
1784608727.817,522.5,808.6,True,True
1784608727.943,522.6,26.1,False,True
1784608728.103,522.8,59.0,True,False
1784608728.275,523.0,71.7,True,False
1784608729.184,523.9,808.8,True,True
1784608729.794,524.5,508.8,True,True
1784608729.974,524.7,80.5,True,False
1784608730.583,525.3,508.6,True,True
1784608730.742,525.4,58.6,True,False
1784608731.365,526.1,522.5,True,True
1784608731.523,526.2,58.6,True,False
1784608731.682,526.4,58.8,True,False
1784608731.842,526.5,58.7,True,False
1784608732.001,526.7,58.8,True,False
1784608732.106,526.8,5.0,False,True
1784608732.211,526.9,5.0,False,True
1784608732.340,527.0,28.8,False,True
1784608732.446,527.1,5.4,False,True
1784608732.551,527.3,4.9,False,True
1784608733.181,527.9,529.7,True,True
1784608733.340,528.0,58.9,True,False
1784608733.500,528.2,59.2,True,False
1784608733.605,528.3,5.1,False,True
1784608733.710,528.4,5.1,False,True
1784608734.319,529.0,508.8,True,True
1784608734.490,529.2,70.3,True,False
1784608735.099,529.8,509.1,True,True
1784608736.027,530.7,827.7,True,True
1784608736.655,531.4,528.1,True,True
1784608737.576,532.3,819.7,True,True
1784608737.734,532.4,58.6,True,False
1784608738.644,533.3,808.9,True,True
1784608738.803,533.5,59.4,True,False
1784608739.712,534.4,808.6,True,True
1784608740.321,535.0,508.6,True,True
1784608740.426,535.1,4.9,False,True
1784608740.584,535.3,57.9,True,False
1784608740.756,535.5,71.6,True,False
1784608741.677,536.4,820.3,True,True
1784608741.798,536.5,20.8,False,True
1784608741.922,536.6,24.1,False,True
1784608742.531,537.2,508.8,True,True
1784608742.709,537.4,77.3,True,False
1784608743.618,538.3,808.7,True,True
1784608744.227,538.9,508.5,True,True
1784608744.356,539.1,28.6,False,True
1784608744.479,539.2,23.0,False,True
1784608744.637,539.3,57.5,True,False
1784608745.246,539.9,508.7,True,True
1784608745.404,540.1,58.4,True,False
1784608746.036,540.7,531.4,True,True
1784608746.195,540.9,58.6,True,False
1784608746.824,541.5,529.1,True,True
1784608747.007,541.7,82.0,True,False
1784608747.616,542.3,508.5,True,True
1784608748.525,543.2,808.7,True,True
1784608748.683,543.4,58.6,True,False
1784608749.592,544.3,808.4,True,True
1784608749.773,544.5,80.8,True,False
1784608750.682,545.4,808.8,True,True
1784608750.840,545.5,58.5,True,False
1784608751.750,546.5,808.9,True,True
1784608751.924,546.6,74.1,True,False
1784608752.843,547.5,819.0,True,True
1784608752.949,547.7,5.0,False,True
1784608753.066,547.8,17.0,False,True
1784608753.172,547.9,5.7,False,True
1784608753.352,548.1,79.7,True,False
1784608754.260,549.0,808.3,True,True
1784608754.420,549.1,59.6,True,False
1784608755.341,550.0,820.3,True,True
1784608755.499,550.2,58.3,True,False
1784608756.430,551.1,831.0,True,True
1784608756.536,551.2,5.4,False,True
1784608757.145,551.8,508.7,True,True
1784608758.055,552.8,809.5,True,True
1784608758.664,553.4,508.6,True,True
1784608759.573,554.3,809.4,True,True
1784608760.182,554.9,508.7,True,True
1784608760.341,555.0,58.4,True,False
1784608760.963,555.7,522.3,True,True
1784608761.069,555.8,5.4,False,True
1784608761.989,556.7,819.7,True,True
1784608762.148,556.9,59.1,True,False
1784608763.057,557.8,808.6,True,True
1784608763.163,557.9,4.9,False,True
1784608763.322,558.0,58.9,True,False
1784608764.249,559.0,826.6,True,True
1784608764.355,559.1,5.3,False,True
1784608764.983,559.7,528.1,True,True
1784608765.892,560.6,808.9,True,True
1784608766.501,561.2,509.1,True,True
1784608767.420,562.1,818.1,True,True
1784608768.028,562.7,508.0,False,True
1784608768.205,562.9,76.6,False,True
1784608768.319,563.0,13.8,False,True
1784608769.226,563.9,807.0,False,True
1784608769.407,564.1,81.4,False,True
1784608769.566,564.3,58.1,False,True
1784608770.477,565.2,810.3,False,True
1784608770.635,565.3,57.9,False,True
1784608770.793,565.5,57.7,False,True
1784608770.898,565.6,5.2,False,True
1784608771.507,566.2,508.8,False,True
1784608772.416,567.1,808.1,False,True
1784608773.324,568.0,808.3,False,True
1784608774.232,568.9,808.0,False,True
1784608774.406,569.1,73.6,False,True
1784608774.577,569.3,70.2,False,True
1784608774.682,569.4,5.2,False,True
1784608774.841,569.5,57.8,False,True
1784608776.016,570.7,1074.7,False,True
1784608776.121,570.8,5.0,False,True
1784608776.729,571.4,507.9,False,True
1784608777.904,572.6,1074.3,False,True
1784608778.010,572.7,5.6,False,True
1784608780.175,574.9,2065.6,False,True
1784608780.783,575.5,507.8,False,True
1784608783.393,578.1,2509.0,False,True
1784608783.576,578.3,83.0,False,True
1784608783.734,578.4,57.5,False,True
1784608784.943,579.6,1108.9,False,True
1784608785.070,579.8,25.9,False,True
1784608785.185,579.9,15.6,False,True
1784608786.351,581.1,1065.9,False,True
1784608788.526,583.2,2074.3,False,True
1784608788.684,583.4,58.0,False,True
1784608789.871,584.6,1086.7,False,True
1784608791.055,585.8,1083.4,False,True
1784608791.160,585.9,4.8,False,True
1784608792.367,587.1,1106.6,False,True
1784608794.287,589.0,1819.5,False,True
1784608795.214,589.9,826.6,False,True
1784608796.146,590.8,831.1,False,True
1784608797.076,591.8,829.2,False,True
1784608799.985,594.7,2809.6,False,True
1784608800.091,594.8,5.0,False,True
1784608801.263,596.0,1071.3,False,True
1784608802.447,597.1,1083.9,False,True
1784608802.575,597.3,28.4,False,True
1784608803.196,597.9,521.0,False,True
1784608803.806,598.5,508.7,False,True
1784608805.455,600.2,1548.6,False,True
1784608805.626,600.3,71.5,False,True
1784608807.795,602.5,2067.8,False,True
1784608807.957,602.7,62.1,False,True
1784608808.575,603.3,518.2,False,True
1784608810.226,604.9,1550.4,False,True
1784608810.834,605.5,507.8,False,True
1784608812.462,607.2,1527.7,False,True
1784608813.075,607.8,512.3,False,True
1784608813.683,608.4,507.9,False,True
1784608814.862,609.6,1078.5,False,True
1784608817.021,611.7,2058.2,False,True
1784608817.127,611.8,5.5,False,True
1784608817.285,612.0,57.5,False,True
1784608818.212,612.9,826.9,False,True
1784608819.374,614.1,1060.9,False,True
1784608819.982,614.7,507.9,False,True
1784608822.141,616.8,2058.2,False,True
1784608823.049,617.8,808.2,False,True
1784608823.969,618.7,819.5,False,True
1784608824.578,619.3,509.1,False,True
1784608827.490,622.2,2811.0,False,True
1784608828.414,623.1,824.4,False,True
1784608829.022,623.7,507.9,False,True
1784608829.630,624.3,508.0,False,True
1784608830.539,625.2,808.2,False,True
1784608830.720,625.4,80.8,False,True
1784608831.885,626.6,1065.0,False,True
1784608834.046,628.7,2060.1,False,True
1784608834.955,629.7,808.6,True,True
1784608835.070,629.8,14.8,False,True
1784608835.705,630.4,535.1,True,True
1784608835.864,630.6,58.3,True,False
1784608836.787,631.5,823.5,True,True
1784608837.396,632.1,508.7,True,True
1784608837.575,632.3,78.3,True,False
1784608838.184,632.9,508.6,True,True
1784608838.343,633.0,58.8,True,False
1784608838.973,633.7,529.9,True,True
1784608839.153,633.9,79.5,True,False
1784608840.062,634.8,808.5,True,True
1784608840.220,634.9,58.2,True,False
1784608841.128,635.8,808.1,True,True
1784608841.737,636.4,508.8,True,True
1784608842.646,637.3,808.6,True,True
1784608843.270,638.0,523.5,True,True
1784608844.193,638.9,822.5,True,True
1784608844.352,639.1,58.7,True,False
1784608845.261,640.0,808.7,True,True
1784608845.874,640.6,513.1,True,True
1784608846.794,641.5,819.8,True,True
1784608846.974,641.7,79.6,True,False
1784608847.583,642.3,508.5,True,True
1784608847.751,642.5,68.1,True,False
1784608848.374,643.1,522.1,True,True
1784608848.534,643.2,59.2,True,False
1784608849.144,643.8,509.7,True,True
1784608849.303,644.0,59.1,True,False
1784608849.913,644.6,508.9,True,True
1784608850.822,645.5,808.9,True,True
1784608851.005,645.7,82.2,True,False
1784608851.914,646.6,808.4,True,True
1784608852.092,646.8,77.9,True,False
1784608853.001,647.7,808.5,True,True
1784608853.160,647.9,58.8,True,False
1784608853.318,648.0,58.5,True,False
1784608854.243,648.9,824.9,True,True
1784608854.404,649.1,60.9,True,False
1784608855.335,650.0,829.6,True,True
1784608855.973,650.7,538.2,True,True
1784608856.905,651.6,832.0,True,True
1784608857.515,652.2,508.7,True,True
1784608858.424,653.1,809.0,True,True
1784608858.583,653.3,58.8,True,False
1784608858.742,653.4,58.8,True,False
1784608858.904,653.6,61.6,True,False
1784608859.019,653.7,14.3,False,True
1784608859.178,653.9,58.6,True,False
1784608859.336,654.0,58.2,True,False
1784608859.973,654.7,536.9,True,True
1784608860.153,654.9,79.3,True,False
1784608860.762,655.5,508.7,True,True
1784608861.673,656.4,811.1,True,True
1784608861.832,656.5,58.2,True,False
1784608862.741,657.4,808.7,True,True
1784608862.924,657.6,82.7,True,False
1784608863.534,658.2,508.6,True,True
1784608863.706,658.4,72.2,True,False
1784608864.315,659.0,508.8,True,True
1784608865.224,659.9,808.3,True,True
1784608865.329,660.0,4.8,False,True
1784608865.973,660.7,544.2,True,True
1784608866.882,661.6,808.5,True,True
1784608867.492,662.2,508.9,True,True
1784608868.411,663.1,819.4,True,True
1784608869.041,663.7,529.6,True,True
1784608869.950,664.7,808.5,True,True
1784608870.604,665.3,553.8,True,True
1784608871.514,666.2,809.2,True,True
1784608871.695,666.4,80.9,True,False
1784608872.604,667.3,809.0,True,True
1784608872.773,667.5,68.9,True,False
1784608873.698,668.4,824.3,True,True
1784608874.306,669.0,508.3,True,True
1784608874.465,669.2,58.3,True,False
1784608875.104,669.8,537.8,True,True
1784608875.263,670.0,58.5,True,False
1784608875.873,670.6,509.9,True,True
1784608876.045,670.7,72.3,True,False
1784608876.223,670.9,77.7,True,False
1784608876.832,671.5,508.5,True,True
1784608877.006,671.7,73.4,True,False
1784608877.615,672.3,508.9,True,True
1784608877.774,672.5,58.4,True,False
1784608878.383,673.1,508.9,True,True
1784608878.552,673.3,68.4,True,False
1784608879.160,673.9,508.6,True,True
1784608879.342,674.0,81.5,True,False
1784608879.973,674.7,530.1,True,True
1784608880.172,674.9,98.3,True,False
1784608880.799,675.5,526.5,True,True
1784608880.974,675.7,74.6,True,False
1784608881.583,676.3,508.8,True,True
1784608881.688,676.4,5.1,False,True
1784608882.604,677.3,815.1,True,True
1784608882.777,677.5,73.1,True,False
1784608882.937,677.6,58.9,True,False
1784608883.096,677.8,59.1,True,False
1784608883.255,678.0,58.3,True,False
1784608883.414,678.1,58.8,True,False
1784608883.572,678.3,58.2,True,False
1784608883.731,678.4,58.9,True,False
1784608884.341,679.0,509.2,True,True
1784608884.499,679.2,58.3,True,False
1784608884.659,679.4,59.5,True,False
1784608885.272,680.0,513.8,True,True
1784608885.378,680.1,4.9,False,True
1784608885.484,680.2,5.4,False,True
1784608885.653,680.4,69.2,True,False
1784608886.575,681.3,821.4,True,True
1784608886.734,681.4,58.5,True,False
1784608887.655,682.4,821.2,True,True
1784608887.830,682.5,74.5,True,False
1784608888.739,683.4,808.5,True,True
1784608889.349,684.1,508.8,True,True
1784608889.518,684.2,68.7,True,False
1784608890.137,684.8,519.3,True,True
1784608890.309,685.0,71.4,True,False
1784608891.229,685.9,819.9,True,True
1784608891.389,686.1,59.5,True,False
1784608892.298,687.0,809.0,True,True
1784608892.458,687.2,58.9,True,False
1784608893.067,687.8,508.9,True,True
1784608893.227,687.9,59.0,True,False
1784608893.384,688.1,57.8,True,False
1784608893.544,688.2,58.7,True,False
1784608893.719,688.4,75.1,True,False
1784608893.890,688.6,71.3,True,False
1784608894.049,688.8,58.4,True,False
1784608894.177,688.9,27.2,False,True
1784608894.301,689.0,23.6,False,True
1784608894.406,689.1,5.1,False,True
1784608894.565,689.3,58.9,True,False
1784608894.724,689.4,58.3,True,False
1784608894.838,689.5,13.7,False,True
1784608894.997,689.7,58.5,True,False
1784608895.156,689.9,58.7,True,False
1784608895.314,690.0,57.9,True,False
1784608895.473,690.2,58.7,True,False
1784608895.632,690.3,58.7,True,False
1784608895.791,690.5,58.6,True,False
1784608895.950,690.7,58.3,True,False
1784608896.579,691.3,528.8,True,True
1784608896.738,691.4,59.2,True,False
1784608897.347,692.1,508.9,True,True
1784608897.469,692.2,20.7,False,True
1784608897.628,692.3,58.7,True,False
1784608898.237,692.9,509.0,True,True
1784608898.396,693.1,58.3,True,False
1784608899.005,693.7,508.8,True,True
1784608899.179,693.9,74.2,True,False
1784608899.338,694.0,58.1,True,False
1784608899.947,694.6,508.7,True,True
1784608900.071,694.8,24.4,False,True
1784608900.998,695.7,826.8,True,True
1784608901.157,695.9,58.6,True,False
1784608901.274,696.0,16.6,False,True
1784608901.399,696.1,24.1,False,True
1784608901.524,696.2,24.7,False,True
1784608902.449,697.2,825.1,True,True
1784608903.058,697.8,508.8,True,True
1784608903.217,697.9,58.2,True,False
1784608903.834,698.5,517.0,True,True
1784608903.960,698.7,25.4,False,True
1784608904.120,698.8,59.2,True,False
1784608904.742,699.4,522.0,True,True
1784608904.900,699.6,58.3,True,False
1784608905.810,700.5,808.8,True,True
1784608905.915,700.6,5.0,False,True
1784608906.524,701.2,508.9,True,True
1784608906.702,701.4,77.6,True,False
1784608907.611,702.3,808.8,True,True
1784608907.770,702.5,58.7,True,False
1784608908.679,703.4,808.3,True,True
1784608908.838,703.5,58.5,True,False
1784608909.447,704.1,508.8,True,True
1784608909.605,704.3,58.2,True,False
1784608910.214,704.9,508.4,True,True
1784608910.389,705.1,75.1,True,False
1784608911.009,705.7,520.2,True,True
1784608911.169,705.9,59.1,True,False
1784608911.274,706.0,5.3,False,True
1784608911.884,706.6,508.6,True,True
1784608912.055,706.8,71.5,True,False
1784608912.664,707.4,508.4,True,True
1784608912.843,707.5,78.5,True,False
1784608913.461,708.2,517.7,True,True
1784608913.641,708.3,79.4,True,False
1784608914.250,709.0,508.7,True,True
1784608914.408,709.1,57.8,True,False
1784608915.017,709.7,508.1,True,True
1784608915.176,709.9,58.9,True,False
1784608915.785,710.5,509.3,True,True
1784608915.911,710.6,25.7,False,True
1784608916.821,711.5,809.0,True,True
1784608916.996,711.7,74.9,True,False
1784608917.905,712.6,808.7,True,True
1784608918.063,712.8,58.5,True,False
1784608918.236,712.9,72.5,True,False
1784608919.145,713.8,808.8,True,True
1784608919.251,714.0,5.3,False,True
1784608919.375,714.1,24.6,False,True
1784608919.552,714.3,76.8,True,False
1784608919.711,714.4,58.4,True,False
1784608919.870,714.6,58.9,True,False
1784608920.048,714.8,77.1,True,False
1784608920.206,714.9,58.3,True,False
1784608920.838,715.5,532.2,True,True
1784608920.998,715.7,59.2,True,False
1784608921.627,716.3,528.4,True,True
1784608921.786,716.5,59.1,True,False
1784608922.395,717.1,508.4,True,True
1784608922.554,717.3,59.1,True,False
1784608923.471,718.2,816.7,True,True
1784608924.103,718.8,530.9,True,True
1784608924.285,719.0,81.8,True,False
1784608924.444,719.1,58.5,True,False
1784608924.549,719.3,5.0,False,True
1784608925.458,720.2,808.7,True,True
1784608925.617,720.3,58.5,True,False
1784608925.777,720.5,58.8,True,False
1784608926.703,721.4,826.7,True,True
1784608926.862,721.6,58.3,True,False
1784608927.021,721.7,59.1,True,False
1784608927.180,721.9,58.8,True,False
1784608928.090,722.8,808.8,True,True
1784608928.270,723.0,79.6,True,False
1784608929.191,723.9,821.8,True,True
1784608929.351,724.1,59.1,True,False
1784608929.524,724.2,72.5,True,False
1784608929.683,724.4,58.5,True,False
1784608929.842,724.5,58.8,True,False
1784608930.000,724.7,58.3,True,False
1784608930.169,724.9,68.8,True,False
1784608931.078,725.8,808.9,True,True
1784608931.255,726.0,75.9,True,False
1784608932.164,726.9,809.0,True,True
1784608932.335,727.0,70.8,True,False
1784608932.494,727.2,58.9,True,False
1784608932.675,727.4,80.6,True,False
1784608932.847,727.6,71.2,True,False
1784608933.756,728.5,809.4,True,True
1784608933.932,728.6,75.3,True,False
1784608934.841,729.5,808.5,True,True
1784608935.000,729.7,58.8,True,False
1784608935.910,730.6,809.1,True,True
1784608936.085,730.8,74.8,True,False
1784608936.190,730.9,5.1,False,True
1784608936.310,731.0,19.3,False,True
1784608936.415,731.1,5.0,False,True
1784608936.542,731.2,26.5,False,True
1784608936.647,731.4,4.8,False,True
1784608936.753,731.5,5.5,False,True
1784608936.912,731.6,58.8,True,False
1784608937.842,732.5,829.4,True,True
1784608937.947,732.7,5.3,False,True
1784608938.071,732.8,23.9,False,True
1784608938.177,732.9,4.9,False,True
1784608938.357,733.1,79.9,True,False
1784608938.516,733.2,59.0,True,False
1784608938.696,733.4,79.3,True,False
1784608938.867,733.6,70.5,True,False
1784608939.027,733.7,59.0,True,False
1784608939.935,734.6,808.9,True,True
1784608940.553,735.3,516.8,True,True
1784608940.658,735.4,5.0,False,True
1784608940.817,735.5,58.6,True,False
1784608941.446,736.1,528.7,True,True
1784608941.615,736.3,68.6,True,False
1784608942.524,737.2,808.6,True,True
1784608942.683,737.4,58.3,True,False
1784608942.842,737.5,58.5,True,False
1784608943.452,738.2,509.0,True,True
1784608944.374,739.1,822.4,True,True
1784608944.984,739.7,509.0,True,True
1784608945.143,739.8,58.6,True,False
1784608945.752,740.5,508.7,True,True
1784608945.927,740.6,75.2,True,False
1784608946.536,741.2,508.9,True,True
1784608946.695,741.4,58.3,True,False
1784608947.322,742.0,527.1,True,True
1784608949.482,744.2,2058.8,False,True
1784608952.406,747.1,2824.3,False,True
1784608955.037,749.7,2530.1,False,True
1784608957.970,752.7,2833.3,False,True
1784608960.901,755.6,2830.1,False,True
1784608961.809,756.5,807.7,False,True
1784608961.914,756.6,5.1,False,True
1784608962.072,756.8,57.9,False,True
1784608962.252,757.0,79.5,False,True
1784608962.410,757.1,58.0,False,True
1784608962.538,757.2,27.9,False,True
1784608962.644,757.3,5.3,False,True
1784608962.768,757.5,23.6,False,True
1784608963.676,758.4,807.7,False,True
1784608964.584,759.3,808.2,False,True
1784608964.743,759.4,58.1,False,True
1784608964.901,759.6,57.8,False,True
1784608965.059,759.8,58.0,False,True
1784608965.178,759.9,18.0,False,True
1784608967.787,762.5,2509.0,False,True
1784608967.902,762.6,14.4,False,True
1784608970.061,764.8,2059.7,False,True
1784608971.239,765.9,1077.1,False,True
1784608971.847,766.6,508.2,False,True
1784608973.031,767.7,1082.8,False,True
1784608973.939,768.6,807.5,False,True
1784608974.870,769.6,831.0,False,True
1784608974.976,769.7,5.3,False,True
1784608977.596,772.3,2519.6,False,True
1784608978.216,772.9,519.8,False,True
1784608978.824,773.5,507.7,False,True
1784608980.455,775.2,1529.9,False,True
1784608982.615,777.3,2060.5,False,True
1784608983.782,778.5,1066.5,False,True
1784608984.691,779.4,807.9,False,True
1784608985.599,780.3,808.1,False,True
1784608986.758,781.5,1058.8,False,True
1784608986.924,781.6,65.5,False,True
1784608988.102,782.8,1077.6,False,True
1784608989.286,784.0,1083.1,False,True
1784608991.446,786.1,2059.8,False,True
1784608992.618,787.3,1071.7,False,True
1784608993.798,788.5,1079.9,False,True
1784608993.924,788.6,25.8,False,True
1784608994.082,788.8,58.0,False,True
1784608995.270,790.0,1087.1,False,True
1784608996.454,791.2,1083.8,False,True
1784608997.062,791.8,508.2,False,True
1784608999.671,794.4,2507.9,False,True
1784609000.278,795.0,507.5,False,True
1784609001.197,795.9,818.5,False,True
1784609002.128,796.8,830.8,False,True
1784609003.036,797.7,807.9,False,True
1784609003.945,798.6,808.2,False,True
1784609005.861,800.6,1816.1,False,True
1784609007.813,802.5,1851.6,False,True
1784609009.130,803.8,1216.4,True,True
1784609009.298,804.0,67.6,True,False
1784609009.403,804.1,5.0,False,True
1784609010.598,805.3,1094.9,True,True
1784609011.507,806.2,808.6,True,True
1784609011.666,806.4,58.7,True,False
1784609012.029,806.7,263.2,True,True
1784609012.393,807.1,263.8,True,True
1784609013.521,808.2,1027.8,True,True
1784609013.642,808.3,20.9,False,True
1784609013.820,808.5,77.3,True,False
1784609014.641,809.3,721.0,True,True
1784609015.551,810.3,809.3,True,True
1784609016.159,810.9,508.3,True,True
1784609017.350,812.1,1090.4,True,True
1784609018.161,812.9,710.8,True,True
1784609019.334,814.0,1072.1,True,True
1784609020.243,814.9,808.7,True,True
1784609020.402,815.1,58.5,True,False
1784609022.021,816.7,1519.4,True,True
1784609022.180,816.9,58.7,True,False
1784609024.021,818.7,1740.2,True,True
1784609025.433,820.1,1311.8,True,True
1784609025.606,820.3,72.5,True,False
1784609026.624,821.3,918.6,True,True
1784609026.732,821.4,7.7,False,True
1784609026.891,821.6,58.6,True,False
1784609027.725,822.4,733.1,True,True
1784609028.901,823.6,1076.3,True,True
1784609029.826,824.5,824.8,True,True
1784609031.668,826.4,1741.8,True,True
1784609031.828,826.5,58.7,True,False
1784609032.736,827.4,808.4,True,True
1784609032.895,827.6,58.5,True,False
1784609034.232,828.9,1236.4,True,True
1784609035.812,830.5,1479.8,True,True
1784609035.971,830.7,58.7,True,False
1784609036.130,830.8,59.0,True,False
1784609037.053,831.8,822.7,True,True
1784609037.231,831.9,77.2,True,False
1784609038.140,832.8,809.0,True,True
1784609038.298,833.0,58.2,True,False
1784609039.219,833.9,820.8,True,True
1784609039.396,834.1,76.8,True,False
1784609040.305,835.0,808.5,True,True
1784609040.465,835.2,59.1,True,False
1784609041.374,836.1,809.0,True,True
1784609041.533,836.2,58.8,True,False
1784609042.443,837.1,808.9,True,True
1784609042.614,837.3,70.9,True,False
1784609043.533,838.2,819.1,True,True
1784609044.142,838.8,508.8,True,True
1784609045.051,839.8,808.9,True,True
1784609045.660,840.4,508.5,True,True
1784609045.765,840.5,5.2,False,True
1784609045.924,840.6,58.4,True,False
1784609046.029,840.7,5.0,False,True
1784609046.961,841.7,831.3,True,True
1784609047.138,841.8,77.0,True,False
1784609047.747,842.5,508.7,True,True
1784609047.927,842.6,79.8,True,False
1784609048.086,842.8,58.5,True,False
1784609048.244,842.9,58.6,True,False
1784609048.872,843.6,527.8,True,True
1784609049.032,843.7,59.0,True,False
1784609049.665,844.4,532.7,True,True
1784609049.824,844.5,59.1,True,False
1784609050.432,845.1,508.2,True,True
1784609050.592,845.3,59.0,True,False
1784609051.511,846.2,818.7,True,True
1784609051.669,846.4,58.4,True,False
1784609052.578,847.3,808.9,True,True
1784609052.738,847.4,59.3,True,False
1784609053.647,848.4,808.8,True,True
1784609053.827,848.5,79.7,True,False
1784609054.736,849.4,808.8,True,True
1784609055.345,850.0,508.3,True,True
1784609056.254,851.0,808.4,True,True
1784609056.413,851.1,58.6,True,False
1784609056.571,851.3,58.3,True,False
1784609056.739,851.4,67.2,True,False
1784609057.648,852.4,808.9,True,True
1784609057.807,852.5,58.9,True,False
1784609058.727,853.4,819.7,True,True
1784609059.336,854.0,508.3,True,True
1784609060.253,855.0,817.4,True,True
1784609060.412,855.1,58.9,True,False
1784609060.571,855.3,58.7,True,False
1784609060.742,855.4,70.1,True,False
1784609061.351,856.1,508.3,True,True
1784609061.531,856.2,80.1,True,False
1784609062.148,856.9,516.8,True,True
1784609062.307,857.0,58.2,True,False
1784609062.916,857.6,508.8,True,True
1784609063.092,857.8,75.3,True,False
1784609064.001,858.7,809.0,True,True
1784609064.160,858.9,58.7,True,False
1784609065.081,859.8,820.0,True,True
1784609065.186,859.9,5.1,False,True
1784609065.345,860.0,58.9,True,False
1784609066.273,861.0,827.5,True,True
1784609066.453,861.2,79.6,True,False
1784609066.612,861.3,59.0,True,False
1784609066.719,861.4,6.3,False,True
1784609066.833,861.5,14.2,False,True
1784609067.741,862.4,808.0,True,True
1784609067.900,862.6,58.5,True,False
1784609068.828,863.5,827.8,True,True
1784609068.987,863.7,58.5,True,False
1784609069.092,863.8,5.2,False,True
1784609069.251,864.0,58.6,True,False
1784609070.160,864.9,808.4,True,True
1784609070.266,865.0,5.5,False,True
1784609070.371,865.1,5.4,False,True
1784609070.549,865.3,77.2,True,False
1784609070.654,865.4,5.3,False,True
1784609070.814,865.5,59.2,True,False
1784609071.423,866.1,508.6,True,True
1784609071.582,866.3,59.1,True,False
1784609072.192,866.9,509.1,True,True
1784609072.351,867.1,58.8,True,False
1784609072.960,867.7,508.6,True,True
1784609073.119,867.8,59.0,True,False
1784609073.728,868.4,509.0,True,True
1784609073.898,868.6,70.0,True,False
1784609074.058,868.8,59.0,True,False
1784609074.967,869.7,808.7,True,True
1784609075.072,869.8,4.3,False,True
1784609075.188,869.9,15.8,False,True
1784609075.347,870.0,58.7,True,False
1784609076.257,871.0,810.2,True,True
1784609076.416,871.1,58.4,True,False
1784609077.340,872.0,823.8,True,True
1784609077.499,872.2,58.6,True,False
1784609077.658,872.4,58.7,True,False
1784609078.581,873.3,823.0,True,True
1784609078.687,873.4,5.1,False,True
1784609078.854,873.6,66.8,True,False
1784609079.013,873.7,59.2,True,False
1784609079.140,873.8,26.5,False,True
1784609079.298,874.0,58.4,True,False
1784609079.907,874.6,509.0,True,True
1784609080.817,875.5,808.9,True,True
1784609081.444,876.1,526.8,True,True
1784609082.353,877.1,808.7,True,True
1784609082.981,877.7,527.6,True,True
1784609083.889,878.6,808.5,True,True
1784609084.059,878.8,69.5,True,False
1784609084.968,879.7,808.7,True,True
1784609085.139,879.8,70.4,True,False
1784609085.307,880.0,68.5,True,False
1784609086.230,880.9,821.8,True,True
1784609086.335,881.0,5.4,False,True
1784609086.514,881.2,78.0,True,False
1784609087.134,881.8,519.7,True,True
1784609087.293,882.0,58.9,True,False
1784609087.901,882.6,507.9,True,True
1784609088.076,882.8,74.5,True,False
1784609088.685,883.4,508.7,True,True
1784609088.844,883.5,58.2,True,False
1784609089.470,884.2,526.1,True,True
1784609089.638,884.3,67.7,True,False
1784609090.247,885.0,508.4,True,True
1784609091.156,885.9,809.0,True,True
1784609091.338,886.0,81.6,True,False
1784609092.257,887.0,818.8,True,True
1784609092.417,887.1,58.9,True,False
1784609093.339,888.0,821.7,True,True
1784609093.498,888.2,58.9,True,False
1784609094.424,889.1,825.7,True,True
1784609094.583,889.3,58.8,True,False
1784609094.742,889.4,58.9,True,False
1784609095.660,890.4,817.6,True,True
1784609096.269,891.0,508.7,True,True
1784609096.428,891.1,58.9,True,False
1784609097.047,891.8,519.2,True,True
1784609097.206,891.9,58.9,True,False
1784609097.832,892.5,525.6,True,True
1784609097.992,892.7,59.2,True,False
1784609098.601,893.3,509.1,True,True
1784609099.511,894.2,809.3,True,True
1784609100.120,894.8,508.5,True,True
1784609100.278,895.0,58.1,True,False
1784609101.188,895.9,809.1,True,True
1784609101.347,896.1,59.2,True,False
1784609101.957,896.7,509.2,True,True
1784609102.886,897.6,828.8,True,True
1784609103.494,898.2,508.3,True,True
1784609104.404,899.1,808.9,True,True
1784609105.012,899.7,508.3,True,True
1784609105.922,900.6,809.1,True,True
1784609106.081,900.8,59.5,True,False
1784609106.990,901.7,808.6,True,True
1784609107.163,901.9,72.7,True,False
1784609107.333,902.0,69.8,True,False
1784609107.439,902.1,5.3,False,True
1784609108.048,902.8,508.7,True,True
1784609108.217,902.9,69.2,True,False
1784609108.332,903.0,14.5,False,True
1784609109.261,904.0,828.5,True,True
1784609109.420,904.1,59.0,True,False
1784609110.341,905.0,820.9,True,True
1784609110.500,905.2,58.4,True,False
1784609110.605,905.3,5.1,False,True
1784609110.764,905.5,58.6,True,False
1784609110.923,905.6,59.0,True,False
1784609111.083,905.8,58.9,True,False
1784609111.242,905.9,58.5,True,False
1784609111.417,906.1,74.8,True,False
1784609111.575,906.3,58.8,True,False
1784609111.736,906.4,60.1,True,False
1784609112.661,907.4,825.2,True,True
1784609112.820,907.5,58.8,True,False
1784609113.730,908.4,808.7,True,True
1784609113.888,908.6,58.7,True,False
1784609114.007,908.7,17.9,False,True
1784609114.166,908.9,58.8,True,False
1784609114.775,909.5,508.8,True,True
1784609115.684,910.4,808.5,True,True
1784609115.789,910.5,5.2,False,True
1784609115.964,910.7,74.4,True,False
1784609116.069,910.8,5.1,False,True
1784609116.175,910.9,5.2,False,True
1784609116.784,911.5,508.8,True,True
1784609116.942,911.6,58.8,True,False
1784609117.102,911.8,58.8,True,False
1784609118.029,912.7,826.9,True,True
1784609118.188,912.9,58.8,True,False
1784609119.120,913.8,832.0,True,True
1784609119.750,914.5,529.3,True,True
1784609119.909,914.6,58.7,True,False
1784609120.542,915.2,532.4,True,True
1784609120.711,915.4,69.0,True,False
1784609120.870,915.6,58.8,True,False
1784609121.480,916.2,509.2,True,True
1784609121.639,916.3,58.8,True,False
1784609122.271,917.0,531.5,True,True
1784609122.430,917.1,58.8,True,False
1784609123.061,917.8,530.9,True,True
1784609123.220,917.9,58.8,True,False
1784609123.829,918.5,508.6,True,True
1784609124.009,918.7,80.0,True,False
1784609124.629,919.3,519.1,True,True
1784609124.801,919.5,72.4,True,False
1784609125.410,920.1,508.0,True,True
1784609125.568,920.3,58.5,True,False
1784609126.178,920.9,509.1,True,True
1784609126.283,921.0,5.5,False,True
1784609126.443,921.1,59.0,True,False
1784609126.560,921.3,16.4,False,True
1784609126.718,921.4,58.5,True,False
1784609126.877,921.6,58.8,True,False
1784609127.037,921.7,59.2,True,False
1784609127.664,922.4,526.6,True,True
1784609127.823,922.5,58.7,True,False
1784609128.432,923.1,509.4,True,True
1784609129.360,924.1,826.8,True,True
1784609129.969,924.7,508.8,True,True
1784609130.143,924.8,74.5,True,False
1784609130.763,925.5,519.4,True,True
1784609130.945,925.6,81.6,True,False
1784609131.050,925.8,5.1,False,True
1784609131.659,926.4,509.1,True,True
1784609131.829,926.5,69.9,True,False
1784609132.438,927.1,508.8,True,True
1784609132.597,927.3,58.8,True,False
1784609133.207,927.9,508.7,True,True
1784609133.389,928.1,82.2,True,False
1784609134.008,928.7,519.2,True,True
1784609134.918,929.6,809.1,True,True
1784609135.527,930.2,509.4,True,True
1784609135.633,930.3,5.1,False,True
1784609135.792,930.5,58.5,True,False
1784609135.951,930.7,58.6,True,False
1784609136.109,930.8,58.1,True,False
1784609136.718,931.4,508.5,True,True
1784609137.628,932.3,809.2,True,True
1784609137.807,932.5,78.7,True,False
1784609138.717,933.4,809.4,True,True
1784609138.895,933.6,77.5,True,False
1784609139.815,934.5,820.6,True,True
1784609140.425,935.1,509.4,True,True
1784609141.335,936.0,808.9,True,True
1784609141.958,936.7,522.7,True,True
1784609142.867,937.6,809.0,True,True
1784609143.037,937.7,70.0,True,False
1784609143.646,938.3,508.4,True,True
1784609144.555,939.3,808.4,True,True
1784609144.661,939.4,5.4,False,True
1784609145.270,940.0,508.9,True,True
1784609145.375,940.1,5.0,False,True
1784609145.547,940.3,72.0,True,False
1784609145.706,940.4,58.7,True,False
1784609146.335,941.0,529.2,True,True
1784609147.245,941.9,808.9,True,True
1784609147.404,942.1,59.3,True,False
1784609148.313,943.0,808.3,True,True
1784609148.472,943.2,58.8,True,False
1784609149.081,943.8,508.8,True,True
1784609149.240,943.9,59.1,True,False
1784609149.399,944.1,58.5,True,False
1784609149.573,944.3,73.3,True,False
1784609149.731,944.4,58.6,True,False
1784609149.890,944.6,58.7,True,False
1784609150.050,944.8,59.7,True,False
1784609150.960,945.7,808.9,True,True
1784609151.119,945.8,58.5,True,False
1784609152.029,946.7,809.6,True,True
1784609152.638,947.3,508.9,True,True
1784609153.547,948.3,809.2,True,True
1784609153.721,948.4,73.3,True,False
1784609154.630,949.3,808.9,True,True
1784609154.789,949.5,58.8,True,False
1784609155.698,950.4,808.5,True,True
